UNIQUE_ID,UNIQUE_ID_new,Date,Company,Peer_group_root,Type_Template,Type_Listing,CapitalIQ_ID,CompanyId,Region,Country,ISIN,Ticker,Exchange,total_esg_score,governance_score,social_score,environment_score,E_1_1,E_1_2,E_1_3,E_1_4,E_1_5,E_1_6,E_1_7,E_1_8,E_1_9,E_1_10,E_1_11,E_1_12,E_1_1_1,E_1_2_1,E_1_2_2,E_1_2_3,E_1_2_4,E_1_2_6,E_1_2_7,E_1_2_8,E_1_3_2,E_1_3_3,E_1_3_4,E_1_3_5,E_1_7_0,E_1_7_1,E_1_7_2,E_2_1,E_2_2,E_2_1_1,E_2_1_2,E_2_1_3,E_2_1_4,E_2_1_5,E_2_1_6,E_2_1_7,E_2_1_8,E_2_1_9,E_2_1_10,E_3_2,E_3_1_1,E_3_1_2,E_3_1_3,E_3_1_4,E_3_1_5,E_3_1_6,E_3_1_7,E_3_1_8,E_3_1_9,E_3_1_10,E_3_1_11,E_3_1_12,E_3_1_13,E_3_1_14,E_3_1_15,E_3_1_16,E_3_1_17,G_1_1,G_1_2,G_1_3,G_1_4,G_1_5,G_1_1_1,G_1_3_1,G_1_3_2,G_1_3_3,G_1_3_4,G_1_3_5,G_1_4_1,G_1_4_3,G_1_4_4,G_1_4_5,G_1_4_6,G_2_1,G_2_2,G_2_3,G_2_4,G_2_5,G_2_6,G_2_7,G_2_8,G_2_9,G_2_10,G_2_11,G_2_12,G_2_13,G_2_5_1,G_3_1,G_3_2,G_3_4,G_3_3_1,S_1_1,S_1_2,S_1_3,S_1_4,S_1_5,S_1_6,S_1_7,S_1_1_1,S_1_5_1,S_1_6_1,S_1_6_2,S_1_6_3,S_1_6_4,S_1_6_5,S_1_6_6,S_1_6_2_1,S_2_1,S_2_2,S_2_3,S_2_1_1,S_2_1_2,S_2_1_3,S_2_1_3_1,S_2_2_1,S_2_2_2,S_2_2_3,S_2_2_4,S_2_2_2_1,S_3_3,S_3_1_1,S_3_1_2,S_3_1_3,S_3_1_4,S_3_1_5,S_3_1_6,S_3_1_7,S_3_1_8,S_3_1_9,S_3_1_10,S_3_1_11,S_3_1_12,S_3_2_1,S_4_1,S_4_3,S_4_2_1,S_4_2_2,S_4_2_3,S_4_2_4,S_4_2_5,S_4_2_6,S_4_2_7,S_4_2_8,S_4_2_9,S_4_2_10,S_4_2_11,S_4_2_12,S_4_2_13,S_4_2_14,S_5_1,S_5_2,S_5_3,E_1_2_6_2,E_1_3_1,G_1_3_6,G_2_10_1,G_2_11_1,G_2_12_1,G_2_3_1,G_2_4_1,G_2_7_1,G_2_8_1,G_2_9_1
IQ2493740041,,20090816,Apple Inc.,Technology Hardware,Type_A,Public,IQ24937,,North America,United States,,AAPL,NasdaqGS,57,63,40,68,1,0.6,2,2,0.125,0,0.375,0.25,2,0,0,3,,,,,,1,,,1.25,,0.5,0.5,,,,1,3,0.5,0,,,,,,,,,3,,,,,,2.5,2.5,,,,,,,,,,,1,1.5,0,1.35,3,,,,,,,,,,,,0.3125,0,0.5,0.5,0,0,0.75,0.5,0,0,0.5,0,1.5,,0.75,0.5,3,,0,0.25,0.125,0,0,0,3,0,,,0.125,,,0.6,,,0.5,0.5,1.5,0.25,0.5,0,,0.375,1.5,0,,,0.3,,,,,,,,,,,,,0,1,3,,,,,,,,,,,,0.5,,,0,0,0,,,,,,,,,,,
IQ2493740062,,20090906,Apple Inc.,Technology Hardware,Type_A,Public,IQ24937,,North America,United States,,AAPL,NasdaqGS,56,63,38,68,1,0.6,2,2,0.125,0,0.375,0.25,2,0,0,3,,,,,,1,,,1.25,,0.5,0.5,,,,1,3,0.5,0,,,,,,,,,3,,,,,,2.5,2.5,,,,,,,,,,,1,1.5,0,1.35,3,,,,,,,,,,,,0.3125,0,0.5,0.5,0,0,0.75,0.5,0,0,0.5,0,1.5,,0.75,0.5,3,,0,0.25,0.125,0,0,0,3,0,,,0.125,,,0.6,,,0.5,0.5,0.6,0.25,0.5,0,,0.375,1.5,0,,,0.3,,,,,,,,,,,,,0,1,3,,,,,,,,,,,,0.5,,,0,0,0,,,,,,,,,,,
IQ2493740090,,20091004,Apple Inc.,Technology Hardware,Type_A,Public,IQ24937,,North America,United States,,AAPL,NasdaqGS,56,63,38,68,1,0.6,2,2,0.125,0,0.375,0.25,2,0,0,3,,,,,,1,,,1.25,,0.5,0.5,,,,1,3,0.5,0,,,,,,,,,3,,,,,,2.5,2.5,,,,,,,,,,,1,1.5,0,1.35,3,,,,,,,,,,,,0.3125,0,0.5,0.5,0,0,0.75,0.5,0,0,0.5,0,1.5,,0.75,0.5,3,,0,0.25,0.125,0,0,0,3,0,,,0.125,,,0.6,,,0.5,0.5,0.6,0.25,0.5,0,,0.375,1.5,0,,,0.3,,,,,,,,,,,,,0,1,3,,,,,,,,,,,,0.5,,,0,0,0,,,,,,,,,,,
IQ2493740118,,20091101,Apple Inc.,Technology Hardware,Type_A,Public,IQ24937,,North America,United States,,AAPL,NasdaqGS,56,63,38,68,1,0.6,2,2,0.125,0,0.375,0.25,2,0,0,3,,,,,,1,,,1.25,,0.5,0.5,,,,1,3,0.5,0,,,,,,,,,3,,,,,,2.5,2.5,,,,,,,,,,,1,1.5,0,1.35,3,,,,,,,,,,,,0.3125,0,0.5,0.5,0,0,0.75,0.5,0,0,0.5,0,1.5,,0.75,0.5,3,,0,0.25,0.125,0,0,0,3,0,,,0.125,,,0.6,,,0.5,0.5,0.6,0.25,0.5,0,,0.375,1.5,0,,,0.3,,,,,,,,,,,,,0,1,3,,,,,,,,,,,,0.5,,,0,0,0,,,,,,,,,,,
IQ2493740154,,20091207,Apple Inc.,Technology Hardware,Type_A,Public,IQ24937,,North America,United States,,AAPL,NasdaqGS,56,63,38,68,1,0.6,2,2,0.125,0,0.375,0.25,2,0,0,3,,,,,,1,,,1.25,,0.5,0.5,,,,1,3,0.5,0,,,,,,,,,3,,,,,,2.5,2.5,,,,,,,,,,,1,1.5,0,1.35,3,,,,,,,,,,,,0.3125,0,0.5,0.5,0,0,0.75,0.5,0,0,0.5,0,1.5,,0.75,0.5,3,,0,0.25,0.125,0,0,0,3,0,,,0.125,,,0.6,,,0.5,0.5,0.6,0.25,0.5,0,,0.375,1.5,0,,,0.3,,,,,,,,,,,,,0,1,3,,,,,,,,,,,,0.5,,,0,0,0,,,,,,,,,,,
IQ2493740188,,20100110,Apple Inc.,Technology Hardware,Type_A,Public,IQ24937,,North America,United States,,AAPL,NasdaqGS,56,63,38,68,1,0.6,2,2,0.125,0,0.375,0.25,2,0,0,3,,,,,,1,,,1.25,,0.5,0.5,,,,1,3,0.5,0,,,,,,,,,3,,,,,,2.5,2.5,,,,,,,,,,,1,1.5,0,1.35,3,,,,,,,,,,,,0.3125,0,0.5,0.5,0,0,0.75,0.5,0,0,0.5,0,1.5,,0.75,0.5,3,,0,0.25,0.125,0,0,0,3,0,,,0.125,,,0.6,,,0.5,0.5,0.6,0.25,0.5,0,,0.375,1.5,0,,,0.3,,,,,,,,,,,,,0,1,3,,,,,,,,,,,,0.5,,,0,0,0,,,,,,,,,,,
IQ2493740210,,20100201,Apple Inc.,Technology Hardware,Type_A,Public,IQ24937,,North America,United States,,AAPL,NasdaqGS,56,63,38,68,1,0.6,2,2,0.125,0,0.375,0.25,2,0,0,3,,,,,,1,,,1.25,,0.5,0.5,,,,1,3,0.5,0,,,,,,,,,3,,,,,,2.5,2.5,,,,,,,,,,,1,1.5,0,1.35,3,,,,,,,,,,,,0.3125,0,0.5,0.5,0,0,0.75,0.5,0,0,0.5,0,1.5,,0.75,0.5,3,,0,0.25,0.125,0,0,0,3,0,,,0.125,,,0.6,,,0.5,0.5,0.6,0.25,0.5,0,,0.375,1.5,0,,,0.6,,,,,,,,,,,,,0,1,3,,,,,,,,,,,,0.5,,,0,0,0,,,,,,,,,,,
IQ2493740238,,20100301,Apple Inc.,Technology Hardware,Type_A,Public,IQ24937,,North America,United States,,AAPL,NasdaqGS,56,63,38,68,1,0.6,2,2,0.125,0,0.375,0.25,2,0,0,3,,,,,,1,,,1.25,,0.5,0.5,,,,1,3,0.5,0,,,,,,,,,3,,,,,,2.5,2.5,,,,,,,,,,,1,1.5,0,1.35,3,,,,,,,,,,,,0.3125,0,0.5,0.5,0,0,0.75,0.5,0,0,0.5,0,1.5,,0.75,0.5,3,,0,0.25,0.125,0,0,0,3,0,,,0.125,,,0.6,,,0.5,0.5,0.6,0.25,0.5,0,,0.375,1.5,0,,,0.6,,,,,,,,,,,,,0,1,3,,,,,,,,,,,,0.5,,,0,0,0,,,,,,,,,,,
IQ2493740272,,20100404,Apple Inc.,Technology Hardware,Type_A,Public,IQ24937,,North America,United States,,AAPL,NasdaqGS,58,66,44,67,1,0.6,2,2,0.125,0,0.375,0.25,1.5,0,0,3,,,,,,1,,,1.25,,0.5,0.5,,,,1,3,0.5,0,,,,,,,,,3,,,,,,2.5,2.5,,,,,,,,,,,1,1.5,0,1.35,3,,,,,,,,,,,,0.3125,0,0.5,0.5,0,0,0.75,0.5,0,0,0.5,0,2.4,,0.75,0.5,3,,0,0.25,0.125,0,0,0,3,0,,,0.125,,,0.6,,,0.5,0.5,1.5,0.25,0.5,0,,0.375,1.5,0,,,1.5,,,,,,,,,,,,,0,1,3,,,,,,,,,,,,0.5,,,0,0,0,,,,,,,,,,,
IQ2493740300,,20100502,Apple Inc.,Technology Hardware,Type_A,Public,IQ24937,,North America,United States,,AAPL,NasdaqGS,58,66,44,67,1,0.6,2,2,0.125,0,0.375,0.25,1.5,0,0,3,,,,,,1,,,1.25,,0.5,0.5,,,,1,3,0.5,0,,,,,,,,,3,,,,,,2.5,2.5,,,,,,,,,,,1,1.5,0,1.35,3,,,,,,,,,,,,0.3125,0,0.5,0.5,0,0,0.75,0.5,0,0,0.5,0,2.4,,0.75,0.5,3,,0,0.25,0.125,0,0,0,3,0,,,0.125,,,0.6,,,0.5,0.5,1.5,0.25,0.5,0,,0.375,1.5,0,,,1.5,,,,,,,,,,,,,0,1,3,,,,,,,,,,,,0.5,,,0,0,0,,,,,,,,,,,
IQ2493740335,,20100606,Apple Inc.,Technology Hardware,Type_A,Public,IQ24937,,North America,United States,,AAPL,NasdaqGS,58,64,44,68,1.041666,0.625,2.083333,2.083333,,,0.390625,0.260416,1.5625,0,0,3.125,,,,,,1.041666,,,1.302083,,0.520833,0.520833,,,,1,3,0.5,0,,,,,,,,,3,,,,,,2.5,2.5,,,,,,,,,,,1,1.5,0,1.35,2.4,,,,,,,,,,,,0.3125,0,0.5,0.5,0,0,0.75,0.5,0,0,0.5,0,2.4,,0.75,0.5,3,,0,0.25,0.125,0,0,0,3,0,,,0.125,,,0.6,,,0.5,0.5,1.5,0.25,0.5,0,,0.375,1.5,0,,,1.5,,,,,,,,,,,,,0,1,3,,,,,,,,,,,,0.5,,,0,0,0,,,,,,,,,,,
IQ2493740363,,20100704,Apple Inc.,Technology Hardware,Type_A,Public,IQ24937,,North America,United States,,AAPL,NasdaqGS,59,64,46,68,1.041666,0.625,2.083333,2.083333,,,0.390625,0.260416,1.5625,0,0,3.125,,,,,,1.041666,,,1.302083,,0.520833,0.520833,,,,1,3,0.5,0,,,,,,,,,3,,,,,,2.5,2.5,,,,,,,,,,,1,1.5,0,1.35,2.4,,,,,,,,,,,,0.3125,0,0.5,0.5,0,0,0.75,0.5,0,0,0.5,0,2.4,,0.75,0.5,3,,0,0.25,0.125,0,0,0,3,0,,,0.125,,,0.6,,,0.5,0.5,1.5,0.25,0.5,0,,0.375,1.5,0,,,2.4,,,,,,,,,,,,,0,1,3,,,,,,,,,,,,0.5,,,0,0,0,,,,,,,,,,,
IQ2493740391,,20100801,Apple Inc.,Technology Hardware,Type_A,Public,IQ24937,,North America,United States,,AAPL,NasdaqGS,59,64,46,68,1.041666,0.625,2.083333,2.083333,,,0.390625,0.260416,1.5625,0,0,3.125,,,,,,1.041666,,,1.302083,,0.520833,0.520833,,,,1,3,0.5,0,,,,,,,,,3,,,,,,2.5,2.5,,,,,,,,,,,1,1.5,0,1.35,2.4,,,,,,,,,,,,0.3125,0,0.5,0.5,0,0,0.75,0.5,0,0,0.5,0,2.4,,0.75,0.5,3,,0,0.25,0.125,0,0,0,3,0,,,0.125,,,0.6,,,0.5,0.5,1.5,0.25,0.5,0,,0.375,1.5,0,,,2.4,,,,,,,,,,,,,0,1,3,,,,,,,,,,,,0.5,,,0,0,0,,,,,,,,,,,
IQ2493740422,,20100901,Apple Inc.,Technology Hardware,Type_A,Public,IQ24937,,North America,United States,,AAPL,NasdaqGS,59,64,46,68,1.041666,0.625,2.083333,2.083333,,,0.390625,0.260416,1.5625,0,0,3.125,,,,,,1.041666,,,1.302083,,0.520833,0.520833,,,,1,3,0.5,0,,,,,,,,,3,,,,,,2.5,2.5,,,,,,,,,,,1,1.5,0,1.35,2.4,,,,,,,,,,,,0.3125,0,0.5,0.5,0,0,0.75,0.5,0,0,0.5,0,2.4,,0.75,0.5,3,,0,0.25,0.125,0,0,0,3,0,,,0.125,,,0.6,,,0.5,0.5,1.5,0.25,0.5,0,,0.375,1.5,0,,,2.4,,,,,,,,,,,,,0,1,3,,,,,,,,,,,,0.5,,,0,0,0,,,,,,,,,,,
IQ2493740454,,20101003,Apple Inc.,Technology Hardware,Type_A,Public,IQ24937,,North America,United States,,AAPL,NasdaqGS,59,64,46,68,1.041666,0.625,2.083333,2.083333,,,0.390625,0.260416,1.5625,0,0,3.125,,,,,,1.041666,,,1.302083,,0.520833,0.520833,,,,1,3,0.5,0,,,,,,,,,3,,,,,,2.5,2.5,,,,,,,,,,,1,1.5,0,1.35,2.4,,,,,,,,,,,,0.3125,0,0.5,0.5,0,0,0.75,0.5,0,0,0.5,0,2.4,,0.75,0.5,3,,0,0.25,0.125,0,0,0,3,0,,,0.125,,,0.6,,,0.5,0.5,1.5,0.25,0.5,0,,0.375,1.5,0,,,2.4,,,,,,,,,,,,,0,1,3,,,,,,,,,,,,0.5,,,0,0,0,,,,,,,,,,,
IQ2493740483,,20101101,Apple Inc.,Technology Hardware,Type_A,Public,IQ24937,,North America,United States,,AAPL,NasdaqGS,58,60,44,68,1.041666,0.625,2.083333,2.083333,,,0.390625,0.260416,1.5625,0,0,3.125,,,,,,1.041666,,,1.302083,,0.520833,0.520833,,,,1,3,0.5,0,,,,,,,,,3,,,,,,2.5,2.5,,,,,,,,,,,1,1.5,0,1.35,1.5,,,,,,,,,,,,0.3125,0,0.5,0.5,0,0,0.75,0.5,0,0,0.5,0,2.4,,0.75,0.5,3,,0,0.25,0.125,0,0,0,2.4,0,,,0.125,,,0.6,,,0.5,0.5,1.5,0.25,0.5,0,,0.375,1.5,0,,,2.4,,,,,,,,,,,,,0,1,3,,,,,,,,,,,,0.5,,,0,0,0,,,,,,,,,,,
IQ2493740517,,20101205,Apple Inc.,Technology Hardware,Type_A,Public,IQ24937,,North America,United States,,AAPL,NasdaqGS,58,60,44,68,1.041666,0.625,2.083333,2.083333,,,0.390625,0.260416,1.5625,0,0,3.125,,,,,,1.041666,,,1.302083,,0.520833,0.520833,,,,1,3,0.5,0,,,,,,,,,3,,,,,,2.5,2.5,,,,,,,,,,,1,1.5,0,1.35,1.5,,,,,,,,,,,,0.3125,0,0.5,0.5,0,0,0.75,0.5,0,0,0.5,0,2.4,,0.75,0.5,3,,0,0.25,0.125,0,0,0,2.4,0,,,0.125,,,0.6,,,0.5,0.5,1.5,0.25,0.5,0,,0.375,1.5,0,,,2.4,,,,,,,,,,,,,0,1,3,,,,,,,,,,,,0.5,,,0,0,0,,,,,,,,,,,
IQ2493740545,,20110102,Apple Inc.,Technology Hardware,Type_A,Public,IQ24937,,North America,United States,,AAPL,NasdaqGS,58,60,44,68,1.041666,0.625,2.083333,2.083333,,,0.390625,0.260416,1.5625,0,0,3.125,,,,,,1.041666,,,1.302083,,0.520833,0.520833,,,,1,3,0.5,0,,,,,,,,,3,,,,,,2.5,2.5,,,,,,,,,,,1,1.5,0,1.35,1.5,,,,,,,,,,,,0.3125,0,0.5,0.5,0,0,0.75,0.5,0,0,0.5,0,2.4,,0.75,0.5,3,,0,0.25,0.125,0,0,0,2.4,0,,,0.125,,,0.6,,,0.5,0.5,1.5,0.25,0.5,0,,0.375,1.5,0,,,2.4,,,,,,,,,,,,,0,1,3,,,,,,,,,,,,0.5,,,0,0,0,,,,,,,,,,,
IQ2493740580,,20110206,Apple Inc.,Technology Hardware,Type_A,Public,IQ24937,,North America,United States,,AAPL,NasdaqGS,62,68,49,69,1,0.6,2,2,0.5,0.5,0.375,0.25,1.5,0,0,3,,,,,,1,,,1.25,,0.5,0.5,,,,1,3,0.5,0,,,,,,,,,3,,,,,,2.5,2.5,,,,,,,,,,,1,1.5,0,1.35,1.5,,,,,,,,,,,,0.3125,0,0.5,0.5,0.375,0,0.75,0.5,0.5,0.5,0.5,0.5,2.4,,0.75,0.5,3,,0,0.25,0.125,0,0,0,2.4,0,,,0.125,,,0.6,,,0.5,0.5,1.5,0.25,0.5,1,,1.125,1.5,0,,,2.4,,,,,,,,,,,,,0,1,3,,,,,,,,,,,,0.5,,,0,0,0,,,,,,,,,,,
IQ2493740608,,20110306,Apple Inc.,Technology Hardware,Type_A,Public,IQ24937,,North America,United States,,AAPL,NasdaqGS,60,68,45,69,1.086956,1.086956,2.173913,2.173913,0.543478,0.543478,0.407608,0.271739,1.630434,0,0,3.260869,,,,,,,,,1.358695,,0.543478,0.543478,,,,1,2.4,0.5,0,,,,,,,,,3,,,,,,2.5,2.5,,,,,,,,,,,1,1.5,0,1.35,1.5,,,,,,,,,,,,0.3125,0,0.5,0.5,0.375,0,0.75,0.5,0.5,0.5,0.5,0.5,2.4,,0.75,0.5,3,,0,0.25,0.125,0,0,0,2.4,0,,,0.125,,,0.6,,,0.5,0.5,1.5,0.25,0.5,1,,1.125,1.5,0,,,1.5,,,,,,,,,,,,,0,1,3,,,,,,,,,,,,0,,,0,0,0,,,,,,,,,,,
IQ2493740636,,20110403,Apple Inc.,Technology Hardware,Type_A,Public,IQ24937,,North America,United States,,AAPL,NasdaqGS,60,68,45,69,1.086956,1.086956,2.173913,2.173913,0.543478,0.543478,0.407608,0.271739,1.630434,0,0,3.260869,,,,,,,,,1.358695,,0.543478,0.543478,,,,1,2.4,0.5,0,,,,,,,,,3,,,,,,2.5,2.5,,,,,,,,,,,1,1.5,0,1.35,1.5,,,,,,,,,,,,0.3125,0,0.5,0.5,0.375,0,0.75,0.5,0.5,0.5,0.5,0.5,2.4,,0.75,0.5,3,,0,0.25,0.125,0,0,0,2.4,0,,,0.125,,,0.6,,,0.5,0.5,1.5,0.25,0.5,1,,1.125,1.5,0,,,1.5,,,,,,,,,,,,,0,1,3,,,,,,,,,,,,0,,,0,0,0,,,,,,,,,,,
IQ2493740664,,20110501,Apple Inc.,Technology Hardware,Type_A,Public,IQ24937,,North America,United States,,AAPL,NasdaqGS,61,68,45,70,1.086956,1.086956,2.173913,2.173913,0.543478,0.543478,0.407608,0.271739,2.173913,0,0,3.260869,,,,,,,,,1.358695,,0.543478,0.543478,,,,1,2.4,0.5,0,,,,,,,,,3,,,,,,2.5,2.5,,,,,,,,,,,1,1.5,0,1.35,1.5,,,,,,,,,,,,0.3125,0,0.5,0.5,0.375,0,0.75,0.5,0.5,0.5,0.5,0.5,2.4,,0.75,0.5,3,,0,0.25,0.125,0,0,0,2.4,0,,,0.125,,,0.6,,,0.5,0.5,1.5,0.25,0.5,1,,1.125,1.5,0,,,1.5,,,,,,,,,,,,,0,1,3,,,,,,,,,,,,0,,,0,0,0,,,,,,,,,,,
IQ2493740699,,20110605,Apple Inc.,Technology Hardware,Type_A,Public,IQ24937,,North America,United States,,AAPL,NasdaqGS,61,68,45,70,1.086956,1.086956,2.173913,2.173913,0.543478,0.543478,0.407608,0.271739,2.173913,0,0,3.260869,,,,,,,,,1.358695,,0.543478,0.543478,,,,1,2.4,0.5,0,,,,,,,,,3,,,,,,2.5,2.5,,,,,,,,,,,1,1.5,0,1.35,1.5,,,,,,,,,,,,0.3125,0,0.5,0.5,0.375,0,0.75,0.5,0.5,0.5,0.5,0.5,2.4,,0.75,0.5,3,,0,0.25,0.125,0,0,0,2.4,0,,,0.125,,,0.6,,,0.5,0.5,1.5,0.25,0.5,1,,1.125,1.5,0,,,1.5,,,,,,,,,,,,,0,1,3,,,,,,,,,,,,0,,,0,0,0,,,,,,,,,,,
IQ2493740727,,20110703,Apple Inc.,Technology Hardware,Type_A,Public,IQ24937,,North America,United States,,AAPL,NasdaqGS,61,68,45,70,1.086956,1.086956,2.173913,2.173913,0.543478,0.543478,0.407608,0.271739,2.173913,0,0,3.260869,,,,,,,,,1.358695,,0.543478,0.543478,,,,1,2.4,0.5,0,,,,,,,,,3,,,,,,2.5,2.5,,,,,,,,,,,1,1.5,0,1.35,1.5,,,,,,,,,,,,0.3125,0,0.5,0.5,0.375,0,0.75,0.5,0.5,0.5,0.5,0.5,2.4,,0.75,0.5,3,,0,0.25,0.125,0,0,0,2.4,0,,,0.125,,,0.6,,,0.5,0.5,1.5,0.25,0.5,1,,1.125,1.5,0,,,1.5,,,,,,,,,,,,,0,1,3,,,,,,,,,,,,0,,,0,0,0,,,,,,,,,,,
IQ2493740756,,20110801,Apple Inc.,Technology Hardware,Type_A,Public,IQ24937,,North America,United States,,AAPL,NasdaqGS,61,68,45,70,1.086956,1.086956,2.173913,2.173913,0.543478,0.543478,0.407608,0.271739,2.173913,0,0,3.260869,,,,,,,,,1.358695,,0.543478,0.543478,,,,1,2.4,0.5,0,,,,,,,,,3,,,,,,2.5,2.5,,,,,,,,,,,1,1.5,0,1.35,1.5,,,,,,,,,,,,0.3125,0,0.5,0.5,0.375,0,0.75,0.5,0.5,0.5,0.5,0.5,2.4,,0.75,0.5,3,,0,0.25,0.125,0,0,0,2.4,0,,,0.125,,,0.6,,,0.5,0.5,1.5,0.25,0.5,1,,1.125,1.5,0,,,1.5,,,,,,,,,,,,,0,1,3,,,,,,,,,,,,0,,,0,0,0,,,,,,,,,,,
IQ2493740790,,20110904,Apple Inc.,Technology Hardware,Type_A,Public,IQ24937,,North America,United States,,AAPL,NasdaqGS,61,68,45,70,1.086956,1.086956,2.173913,2.173913,0.543478,0.543478,0.407608,0.271739,2.173913,0,0,3.260869,,,,,,,,,1.358695,,0.543478,0.543478,,,,1,2.4,0.5,0,,,,,,,,,3,,,,,,2.5,2.5,,,,,,,,,,,1,1.5,0,1.35,1.5,,,,,,,,,,,,0.3125,0,0.5,0.5,0.375,0,0.75,0.5,0.5,0.5,0.5,0.5,2.4,,0.75,0.5,3,,0,0.25,0.125,0,0,0,2.4,0,,,0.125,,,0.6,,,0.5,0.5,1.5,0.25,0.5,1,,1.125,1.5,0,,,1.5,,,,,,,,,,,,,0,1,3,,,,,,,,,,,,0,,,0,0,0,,,,,,,,,,,
IQ2493740818,,20111002,Apple Inc.,Technology Hardware,Type_A,Public,IQ24937,,North America,United States,,AAPL,NasdaqGS,64,66,46,78,1.090909,2.181818,2.181818,0.545454,0.545454,0.545454,0.272727,0.136363,1.090909,0,0,8.727272,,,,,,,,,0.818181,,0.272727,0.545454,,,,1,2.4,1,0,,,,,,,,,3,,,,,,2,3,,,,,,,,,,,1,2,0,1.8,2,,,,,,,,,,,,0.25,0,0.25,0.25,0.3,0,0.6,0.5,1,0.25,0.25,0.25,3.4,,0.5625,0.375,1.5,,0,0.25,0.125,0,0,0,2.8,0,,,0.125,,,0.4,,,0.5,1,2,0.25,0.5,1,,0.75,1,0,,,1.5,,,,,,,,,,,,,0,1,3,,,,,,,,,,,,0,,,0,0,0,,,,,,,,,,,
IQ2493740853,,20111106,Apple Inc.,Technology Hardware,Type_A,Public,IQ24937,,North America,United States,,AAPL,NasdaqGS,64,66,46,78,1.090909,2.181818,2.181818,0.545454,0.545454,0.545454,0.272727,0.136363,1.090909,0,0,8.727272,,,,,,,,,0.818181,,0.272727,0.545454,,,,1,2.4,1,0,,,,,,,,,3,,,,,,2,3,,,,,,,,,,,1,2,0,1.8,2,,,,,,,,,,,,0.25,0,0.25,0.25,0.3,0,0.6,0.5,1,0.25,0.25,0.25,3.4,,0.5625,0.375,1.5,,0,0.25,0.125,0,0,0,2.8,0,,,0.125,,,0.4,,,0.5,1,2,0.25,0.5,1,,0.75,1,0,,,1.5,,,,,,,,,,,,,0,1,3,,,,,,,,,,,,0,,,0,0,0,,,,,,,,,,,
IQ2493740881,,20111204,Apple Inc.,Technology Hardware,Type_A,Public,IQ24937,,North America,United States,,AAPL,NasdaqGS,64,66,46,78,1.090909,2.181818,2.181818,0.545454,0.545454,0.545454,0.272727,0.136363,1.090909,0,0,8.727272,,,,,,,,,0.818181,,0.272727,0.545454,,,,1,2.4,1,0,,,,,,,,,3,,,,,,2,3,,,,,,,,,,,1,2,0,1.8,2,,,,,,,,,,,,0.25,0,0.25,0.25,0.3,0,0.6,0.5,1,0.25,0.25,0.25,3.4,,0.5625,0.375,1.5,,0,0.25,0.125,0,0,0,2.8,0,,,0.125,,,0.4,,,0.5,1,2,0.25,0.5,1,,0.75,1,0,,,1.5,,,,,,,,,,,,,0,1,3,,,,,,,,,,,,0,,,0,0,0,,,,,,,,,,,
IQ2493740909,,20120101,Apple Inc.,Technology Hardware,Type_A,Public,IQ24937,,North America,United States,,AAPL,NasdaqGS,64,66,46,78,1.090909,2.181818,2.181818,0.545454,0.545454,0.545454,0.272727,0.136363,1.090909,0,0,8.727272,,,,,,,,,0.818181,,0.272727,0.545454,,,,1,2.4,1,0,,,,,,,,,3,,,,,,2,3,,,,,,,,,,,1,2,0,1.8,2,,,,,,,,,,,,0.25,0,0.25,0.25,0.3,0,0.6,0.5,1,0.25,0.25,0.25,3.4,,0.5625,0.375,1.5,,0,0.25,0.125,0,0,0,2.8,0,,,0.125,,,0.4,,,0.5,1,2,0.25,0.5,1,,0.75,1,0,,,1.5,,,,,,,,,,,,,0,1,3,,,,,,,,,,,,0,,,0,0,0,,,,,,,,,,,
IQ2493740944,,20120205,Apple Inc.,Technology Hardware,Type_A,Public,IQ24937,,North America,United States,,AAPL,NasdaqGS,61,58,48,74,1.090909,2.181818,2.181818,0.545454,0.545454,0.545454,0.272727,0.136363,1.090909,0,0,8.727272,,,,,,,,,0.40909,,0.272727,0.545454,,,,1,2.4,1,0,,,,,,,,,3,,,,,,2,1.5,,,,,,,,,,,1,1,0,0,3.2,,,,,,,,,,,,0.25,0,0.25,0.25,0.3,0,0.6,0.5,1,0.25,0.25,0.25,3.4,,0.5625,0,1.5,,0,0.25,0.125,0,0,0,2.8,0,,,0.125,,,0.4,,,0.5,1,2,0.5,0.5,1,,0.75,1,0,,,1.5,,,,,,,,,,,,,0,1,3,,,,,,,,,,,,0,,,0,0,0.375,,,,,,,,,,,
IQ2493740972,,20120304,Apple Inc.,Technology Hardware,Type_A,Public,IQ24937,,North America,United States,,AAPL,NasdaqGS,62,62,48,74,1.090909,2.181818,2.181818,0.545454,0.545454,0.545454,0.272727,0.136363,1.090909,0,0,8.727272,,,,,,,,,0.40909,,0.272727,0.545454,,,,1,2.4,1,0,,,,,,,,,3,,,,,,2,1.5,,,,,,,,,,,1,1,0,0,3.2,,,,,,,,,,,,0.25,0,0.25,0.25,0.3,0,0.6,0.5,1,0.25,0.25,0.25,4.25,,0.5625,0,1.5,,0,0.25,0.125,0,0,0,2.8,0,,,0.125,,,0.4,,,0.5,1,2,0.5,0.5,1,,0.75,1,0,,,1.5,,,,,,,,,,,,,0,1,3,,,,,,,,,,,,0,,,0,0,0.375,,,,,,,,,,,
IQ2493741000,,20120401,Apple Inc.,Technology Hardware,Type_A,Public,IQ24937,,North America,United States,,AAPL,NasdaqGS,60,62,48,70,1.090909,2.181818,2.181818,0.545454,0.545454,0,0.272727,0.136363,0,0,0,8.727272,,,,,,,,,0.40909,,0.272727,0.545454,,,,1,2.4,1,0,,,,,,,,,3,,,,,,2,1.5,,,,,,,,,,,1,1,0,0,3.2,,,,,,,,,,,,0.25,0,0.25,0.25,0.3,0,0.6,0.5,1,0.25,0.25,0.25,4.25,,0.5625,0,1.5,,0,0.25,0.125,0,0,0,2.8,0,,,0.125,,,0.4,,,0.5,1,2,0.5,0.5,1,,0.75,1,0,,,1.5,,,,,,,,,,,,,0,1,3,,,,,,,,,,,,0,,,0,0,0.375,,,,,,,,,,,
IQ2493741035,,20120506,Apple Inc.,Technology Hardware,Type_A,Public,IQ24937,,North America,United States,,AAPL,NasdaqGS,59,61,48,70,1,2.1,2.1,0.5,0.5,0,0.25,0.125,0,0,0,8.7,,,,,,,,,0.4,,0.25,0.5,,,,1,2.4,1,0,,,,,,,,,3,,,,,,2,1.5,,,,,,,,,,,1,1,0,0,3.2,,,,,,,,,,,,0.25,0,0.2,0.2,0.3,0,0.6,0.5,1,0.2,0.2,0.2,4.2,,0.525,0,1.5,,0,0.25,0.125,0,0,0,2.8,0,,,0.125,,,0.4,,,0.5,1,2,0.5,0.5,1,,0.75,1,0,,,1.5,,,,,,,,,,,,,0,1,3,,,,,,,,,,,,0,,,0,0,0.375,,,,,,,,,,,
IQ2493741063,,20120603,Apple Inc.,Technology Hardware,Type_A,Public,IQ24937,,North America,United States,,AAPL,NasdaqGS,60,62,48,70,1.090909,2.181818,2.181818,0.545454,0.545454,0,0.272727,0.136363,0,0,0,8.727273,,,,,,,,,0.40909,,0.272727,0.545454,,,,1,2.4,1,0,,,,,,,,,3,,,,,,2,1.5,,,,,,,,,,,1,1,0,0,3.2,,,,,,,,,,,,0.249999,0,0.249999,0.249999,0.299999,0,0.599999,0.499999,0.999999,0.249999,0.249999,0.249999,4.249999,,0.562499,0,1.499999,,0,0.25,0.125,0,0,0,2.8,0,,,0.125,,,0.4,,,0.5,1,2,0.5,0.5,1,,0.75,1,0,,,1.5,,,,,,,,,,,,,0,1,3,,,,,,,,,,,,0,,,0,0,0.375,,,,,,,,,,,
IQ2493741092,,20120702,Apple Inc.,Technology Hardware,Type_A,Public,IQ24937,,North America,United States,,AAPL,NasdaqGS,60,62,48,68,1.090909,2.181818,2.181818,0.545454,0,0,0.272727,0.136363,0,0,0,8.727273,,,,,,,,,0.40909,,0.272727,0.545454,,,,1,2.4,1,0,,,,,,,,,3,,,,,,2,1.5,,,,,,,,,,,1,1,0,0,3.2,,,,,,,,,,,,0.249999,0,0.249999,0.249999,0.299999,0,0.599999,0.499999,0.999999,0.249999,0.249999,0.249999,4.249999,,0.562499,0,1.499999,,0,0.25,0.125,0,0,0,2.8,0,,,0.125,,,0.4,,,0.5,1,2,0.5,0.5,1,,0.75,1,0,,,1.5,,,,,,,,,,,,,0,1,3,,,,,,,,,,,,0,,,0,0,0.375,,,,,,,,,,,
IQ2493741126,,20120805,Apple Inc.,Technology Hardware,Type_A,Public,IQ24937,,North America,United States,,AAPL,NasdaqGS,60,62,48,68,1.090909,2.181818,2.181818,0.545454,0,0,0.272727,0.136363,0,0,0,8.727273,,,,,,,,,0.40909,,0.272727,0.545454,,,,1,2.4,1,0,,,,,,,,,3,,,,,,2,1.5,,,,,,,,,,,1,1,0,0,3.2,,,,,,,,,,,,0.249999,0,0.249999,0.249999,0.299999,0,0.599999,0.499999,0.999999,0.249999,0.249999,0.249999,4.249999,,0.562499,0,1.499999,,0,0.25,0.125,0,0,0,2.8,0,,,0.125,,,0.4,,,0.5,1,2,0.5,0.5,1,,0.75,1,0,,,1.5,,,,,,,,,,,,,0,1,3,,,,,,,,,,,,0,,,0,0,0.375,,,,,,,,,,,
IQ2493741154,,20120902,Apple Inc.,Technology Hardware,Type_A,Public,IQ24937,,North America,United States,,AAPL,NasdaqGS,60,62,48,68,1.090909,2.181818,2.181818,0.545454,0,0,0.272727,0.136363,0,0,0,8.727273,,,,,,,,,0.40909,,0.272727,0.545454,,,,1,2.4,1,0,,,,,,,,,3,,,,,,2,1.5,,,,,,,,,,,1,1,0,0,3.2,,,,,,,,,,,,0.249999,0,0.249999,0.249999,0.299999,0,0.599999,0.499999,0.999999,0.249999,0.249999,0.249999,4.249999,,0.562499,0,1.499999,,0,0.25,0.125,0,0,0,2.8,0,,,0.125,,,0.4,,,0.5,1,2,0.5,0.5,1,,0.75,1,0,,,1.5,,,,,,,,,,,,,0,1,3,,,,,,,,,,,,0,,,0,0,0.375,,,,,,,,,,,
IQ2493741189,,20121007,Apple Inc.,Technology Hardware,Type_A,Public,IQ24937,,North America,United States,,AAPL,NasdaqGS,60,62,48,68,1.090909,2.181818,2.181818,0.545454,0,0,0.272727,0.136363,0,0,0,8.727273,,,,,,,,,0.40909,,0.272727,0.545454,,,,1,2.4,1,0,,,,,,,,,3,,,,,,2,1.5,,,,,,,,,,,1,1,0,0,3.2,,,,,,,,,,,,0.249999,0,0.249999,0.249999,0.299999,0,0.599999,0.499999,0.999999,0.249999,0.249999,0.249999,4.249999,,0.562499,0,1.499999,,0,0.25,0.125,0,0,0,2.8,0,,,0.125,,,0.4,,,0.5,1,2,0.5,0.5,1,,0.75,1,0,,,1.5,,,,,,,,,,,,,0,1,3,,,,,,,,,,,,0,,,0,0,0.375,,,,,,,,,,,
IQ2493741217,,20121104,Apple Inc.,Technology Hardware,Type_A,Public,IQ24937,,North America,United States,,AAPL,NasdaqGS,60,62,48,68,1.090909,2.181818,2.181818,0.545454,0,0,0.272727,0.136363,0,0,0,8.727273,,,,,,,,,0.40909,,0.272727,0.545454,,,,1,2.4,1,0,,,,,,,,,3,,,,,,2,1.5,,,,,,,,,,,1,1,0,0,3.2,,,,,,,,,,,,0.249999,0,0.249999,0.249999,0.299999,0,0.599999,0.499999,0.999999,0.249999,0.249999,0.249999,4.249999,,0.562499,0,1.499999,,0,0.25,0.125,0,0,0,2.8,0,,,0.125,,,0.4,,,0.5,1,2,0.5,0.5,1,,0.75,1,0,,,1.5,,,,,,,,,,,,,0,1,3,,,,,,,,,,,,0,,,0,0,0.375,,,,,,,,,,,
IQ2493741245,,20121202,Apple Inc.,Technology Hardware,Type_A,Public,IQ24937,,North America,United States,,AAPL,NasdaqGS,60,62,48,68,1.090909,2.181818,2.181818,0.545454,0,0,0.272727,0.136363,0,0,0,8.727273,,,,,,,,,0.40909,,0.272727,0.545454,,,,1,2.4,1,0,,,,,,,,,3,,,,,,2,1.5,,,,,,,,,,,1,1,0,0,3.2,,,,,,,,,,,,0.249999,0,0.249999,0.249999,0.299999,0,0.599999,0.499999,0.999999,0.249999,0.249999,0.249999,4.249999,,0.562499,0,1.499999,,0,0.25,0.125,0,0,0,2.8,0,,,0.125,,,0.4,,,0.5,1,2,0.5,0.5,1,,0.75,1,0,,,1.5,,,,,,,,,,,,,0,1,3,,,,,,,,,,,,0,,,0,0,0.375,,,,,,,,,,,
IQ2493741280,,20130106,Apple Inc.,Technology Hardware,Type_A,Public,IQ24937,,North America,United States,,AAPL,NasdaqGS,60,62,48,68,1.090909,2.181818,2.181818,0.545454,0,0,0.272727,0.136363,0,0,0,8.727273,,,,,,,,,0.40909,,0.272727,0.545454,,,,1,2.4,1,0,,,,,,,,,3,,,,,,2,1.5,,,,,,,,,,,1,1,0,0,3.2,,,,,,,,,,,,0.249999,0,0.249999,0.249999,0.299999,0,0.599999,0.499999,0.999999,0.249999,0.249999,0.249999,4.249999,,0.562499,0,1.499999,,0,0.25,0.125,0,0,0,2.8,0,,,0.125,,,0.4,,,0.5,1,2,0.5,0.5,1,,0.75,1,0,,,1.5,,,,,,,,,,,,,0,1,3,,,,,,,,,,,,0,,,0,0,0.375,,,,,,,,,,,
IQ2493741308,,20130203,Apple Inc.,Technology Hardware,Type_A,Public,IQ24937,,North America,United States,,AAPL,NasdaqGS,60,62,48,68,1.090909,2.181818,2.181818,0.545454,0,0,0.272727,0.136363,0,0,0,8.727273,,,,,,,,,0.40909,,0.272727,0.545454,,,,1,2.4,1,0,,,,,,,,,3,,,,,,2,1.5,,,,,,,,,,,1,1,0,0,3.2,,,,,,,,,,,,0.249999,0,0.249999,0.249999,0.299999,0,0.599999,0.499999,0.999999,0.249999,0.249999,0.249999,4.249999,,0.562499,0,1.499999,,0,0.25,0.125,0,0,0,2.8,0,,,0.125,,,0.4,,,0.5,1,2,0.5,0.5,1,,0.75,1,0,,,1.5,,,,,,,,,,,,,0,1,3,,,,,,,,,,,,0,,,0,0,0.375,,,,,,,,,,,
IQ2493741340,,20130307,Apple Inc.,Technology Hardware,Type_A,Public,IQ24937,,North America,United States,,AAPL,NasdaqGS,60,62,48,68,1.090909,2.181818,2.181818,0.545454,0,0,0.272727,0.136363,0,0,0,8.727273,,,,,,,,,0.40909,,0.272727,0.545454,,,,1,2.4,1,0,,,,,,,,,3,,,,,,2,1.5,,,,,,,,,,,1,1,0,0,3.2,,,,,,,,,,,,0.249999,0,0.249999,0.249999,0.299999,0,0.599999,0.499999,0.999999,0.249999,0.249999,0.249999,4.249999,,0.562499,0,1.499999,,0,0.25,0.125,0,0,0,2.8,0,,,0.125,,,0.4,,,0.5,1,2,0.5,0.5,1,,0.75,1,0,,,1.5,,,,,,,,,,,,,0,1,3,,,,,,,,,,,,0,,,0,0,0.375,,,,,,,,,,,
IQ2493741372,,20130408,Apple Inc.,Technology Hardware,Type_A,Public,IQ24937,,North America,United States,,AAPL,NasdaqGS,60,62,48,69,1.090909,2.181818,2.181818,0.545454,0,0,0.272727,0.136363,0,0,0,8.727273,,,,,,,,,0.40909,,0.272727,0.545454,,,,1,2.4,1.4,0,,,,,,,,,3,,,,,,2,1.5,,,,,,,,,,,1,1,0,0,3.2,,,,,,,,,,,,0.249999,0,0.249999,0.249999,0.299999,0,0.599999,0.499999,0.999999,0.249999,0.249999,0.249999,4.249999,,0.562499,0,1.499999,,0,0.25,0.125,0,0,0,2.8,0,,,0.125,,,0.4,,,0.5,1,2,0.5,0.5,1,,0.75,1,0,,,1.5,,,,,,,,,,,,,0,1,3,,,,,,,,,,,,0,,,0,0,0.375,,,,,,,,,,,
IQ2493741399,,20130505,Apple Inc.,Technology Hardware,Type_A,Public,IQ24937,,North America,United States,,AAPL,NasdaqGS,60,62,48,69,1.090909,2.181818,2.181818,0.545454,0,0,0.272727,0.136363,0,0,0,8.727273,,,,,,,,,0.40909,,0.272727,0.545454,,,,1,2.4,1.4,0,,,,,,,,,3,,,,,,2,1.5,,,,,,,,,,,1,1,0,0,3.2,,,,,,,,,,,,0.249999,0,0.249999,0.249999,0.299999,0,0.599999,0.499999,0.999999,0.249999,0.249999,0.249999,4.249999,,0.562499,0,1.499999,,0,0.25,0.125,0,0,0,2.8,0,,,0.125,,,0.4,,,0.5,1,2,0.5,0.5,1,,0.75,1,0,,,1.5,,,,,,,,,,,,,0,1,3,,,,,,,,,,,,0,,,0,0,0.375,,,,,,,,,,,
IQ2493741427,,20130602,Apple Inc.,Technology Hardware,Type_A,Public,IQ24937,,North America,United States,,AAPL,NasdaqGS,59,62,45,69,1.090909,2.181818,2.181818,0.545454,0,0,0.272727,0.136363,0,0,0,8.727273,,,,,,,,,0.40909,,0.272727,0.545454,,,,1,2.4,1.4,0,,,,,,,,,3,,,,,,2,1.5,,,,,,,,,,,1,1,0,0,3.2,,,,,,,,,,,,0.249999,0,0.249999,0.249999,0.299999,0,0.599999,0.499999,0.999999,0.249999,0.249999,0.249999,4.249999,,0.562499,0,1.499999,,0,0.25,0.125,0,0,0,2.8,0,,,0.125,,,0,,,0.5,1,2,0.5,0.5,0.2,,0.75,1,0,,,1.5,,,,,,,,,,,,,0,1,3,,,,,,,,,,,,0,,,0,0,0.375,,,,,,,,,,,
IQ2493741462,,20130707,Apple Inc.,Technology Hardware,Type_A,Public,IQ24937,,North America,United States,,AAPL,NasdaqGS,59,62,45,69,1.090909,2.181818,2.181818,0.545454,0,0,0.272727,0.136363,0,0,0,8.727273,,,,,,,,,0.40909,,0.272727,0.545454,,,,1,2.4,1.4,0,,,,,,,,,3,,,,,,2,1.5,,,,,,,,,,,1,1,0,0,3.2,,,,,,,,,,,,0.249999,0,0.249999,0.249999,0.299999,0,0.599999,0.499999,0.999999,0.249999,0.249999,0.249999,4.249999,,0.562499,0,1.499999,,0,0.25,0.125,0,0,0,2.8,0,,,0.125,,,0,,,0.5,1,2,0.5,0.5,0.2,,0.75,1,0,,,1.5,,,,,,,,,,,,,0,1,3,,,,,,,,,,,,0,,,0,0,0.375,,,,,,,,,,,
IQ2493741491,,20130805,Apple Inc.,Technology Hardware,Type_A,Public,IQ24937,,North America,United States,,AAPL,NasdaqGS,59,62,45,69,1.090909,2.181818,2.181818,0.545454,0,0,0.272727,0.136363,0,0,0,8.727273,,,,,,,,,0.40909,,0.272727,0.545454,,,,1,2.4,1.4,0,,,,,,,,,3,,,,,,2,1.5,,,,,,,,,,,1,1,0,0,3.2,,,,,,,,,,,,0.249999,0,0.249999,0.249999,0.299999,0,0.599999,0.499999,0.999999,0.249999,0.249999,0.249999,4.249999,,0.562499,0,1.499999,,0,0.25,0.125,0,0,0,2.8,0,,,0.125,,,0,,,0.5,1,2,0.5,0.5,0.2,,0.75,1,0,,,1.5,,,,,,,,,,,,,0,1,3,,,,,,,,,,,,0,,,0,0,0.375,,,,,,,,,,,
IQ2493741518,,20130901,Apple Inc.,Technology Hardware,Type_A,Public,IQ24937,,North America,United States,,AAPL,NasdaqGS,59,61,45,69,1.090909,2.181818,2.181818,0.545454,0,0,0.272727,0.136363,0,0,0,8.727273,,,,,,,,,0.40909,,0.272727,0.545454,,,,1,2.4,1.4,0,,,,,,,,,3,,,,,,2,1.5,,,,,,,,,,,1,1,0,0,3.2,,,,,,,,,,,,0.249999,0,0.249999,0.249999,0.299999,0,0.599999,0.499999,0.999999,0.249999,0.249999,0.249999,4.207499,,0.562499,0,1.499999,,0,0.25,0.125,0,0,0,2.8,0,,,0.125,,,0,,,0.5,1,2,0.5,0.5,0.2,,0.75,1,0,,,1.5,,,,,,,,,,,,,0,1,2.97,,,,,,,,,,,,0,,,0,0,0.375,,,,,,,,,,,
IQ2493741553,,20131006,Apple Inc.,Technology Hardware,Type_A,Public,IQ24937,,North America,United States,,AAPL,NasdaqGS,59,61,45,69,1.090909,2.181818,2.181818,0.545454,0,0,0.272727,0.136363,0,0,0,8.727273,,,,,,,,,0.40909,,0.272727,0.545454,,,,1,2.4,1.4,0,,,,,,,,,3,,,,,,2,1.5,,,,,,,,,,,1,1,0,0,3.2,,,,,,,,,,,,0.249999,0,0.249999,0.249999,0.299999,0,0.599999,0.499999,0.999999,0.249999,0.249999,0.249999,4.207499,,0.562499,0,1.499999,,0,0.25,0.125,0,0,0,2.8,0,,,0.125,,,0,,,0.5,1,2,0.5,0.5,0.2,,0.75,1,0,,,1.5,,,,,,,,,,,,,0,1,2.97,,,,,,,,,,,,0,,,0,0,0.375,,,,,,,,,,,
IQ2493741581,,20131103,Apple Inc.,Technology Hardware,Type_A,Public,IQ24937,,North America,United States,,AAPL,NasdaqGS,58,60,45,69,1.090909,2.181818,2.181818,0.545454,0,0,0.272727,0.136363,0,0,0,8.727273,,,,,,,,,0.40909,,0.272727,0.545454,,,,1,2.4,1.4,0,,,,,,,,,3,,,,,,2,1.5,,,,,,,,,,,1,1,0,0,3.2,,,,,,,,,,,,0,0,0.249999,0.249999,0.299999,0,0.599999,0.499999,0.999999,0.249999,0.249999,0.249999,4.207499,,0.562499,0,1.499999,,0,0.25,0.125,0,0,0,2.8,0,,,0.125,,,0,,,0.5,1,2,0.5,0.5,0.2,,0.75,1,0,,,1.5,,,,,,,,,,,,,0,1,2.97,,,,,,,,,,,,0,,,0,0,0.375,,,,,,,,,,,
IQ2493741610,,20131202,Apple Inc.,Technology Hardware,Type_A,Public,IQ24937,,North America,United States,,AAPL,NasdaqGS,58,60,45,69,1.090909,2.181818,2.181818,0.545454,0,0,0.272727,0.136363,0,0,0,8.727273,,,,,,,,,0.40909,,0.272727,0.545454,,,,1,2.4,1.4,0,,,,,,,,,3,,,,,,2,1.5,,,,,,,,,,,1,1,0,0,3.2,,,,,,,,,,,,0,0,0.249999,0.249999,0.299999,0,0.599999,0.499999,0.999999,0.249999,0.249999,0.249999,4.207499,,0.562499,0,1.499999,,0,0.25,0.125,0,0,0,2.8,0,,,0.125,,,0,,,0.5,1,2,0.5,0.5,0.2,,0.75,1,0,,,1.5,,,,,,,,,,,,,0,1,2.97,,,,,,,,,,,,0,,,0,0,0.375,,,,,,,,,,,
IQ2493741645,,20140106,Apple Inc.,Technology Hardware,Type_A,Public,IQ24937,,North America,United States,,AAPL,NasdaqGS,58,60,45,69,1.090909,2.181818,2.181818,0.545454,0,0,0.272727,0.136363,0,0,0,8.727273,,,,,,,,,0.40909,,0.272727,0.545454,,,,1,2.4,1.4,0,,,,,,,,,3,,,,,,2,1.5,,,,,,,,,,,1,1,0,0,3.2,,,,,,,,,,,,0,0,0.249999,0.249999,0.299999,0,0.599999,0.499999,0.999999,0.249999,0.249999,0.249999,4.207499,,0.562499,0,1.499999,,0,0.25,0.125,0,0,0,2.8,0,,,0.125,,,0,,,0.5,1,2,0.5,0.5,0.2,,0.75,1,0,,,1.5,,,,,,,,,,,,,0,1,2.97,,,,,,,,,,,,0,,,0,0,0.375,,,,,,,,,,,
IQ2493741677,,20140207,Apple Inc.,Technology Hardware,Type_A,Public,IQ24937,,North America,United States,,AAPL,NasdaqGS,59,60,45,71,1.090909,2.181818,2.181818,0.545454,0,0,0.272727,0.136363,0,0,0,8.727273,,,,,,,,,0.40909,,0.272727,0.545454,,,,1,3,1.4,0,,,,,,,,,3,,,,,,2,1.5,,,,,,,,,,,1,1,0,0,3.2,,,,,,,,,,,,0,0,0.249999,0.249999,0.299999,0,0.599999,0.499999,0.999999,0.249999,0.249999,0.249999,4.207499,,0.562499,0,1.499999,,0,0.25,0.125,0,0,0,2.8,0,,,0.125,,,0,,,0.5,1,2,0.5,0.5,0.2,,0.75,1,0,,,1.5,,,,,,,,,,,,,0,1,3,,,,,,,,,,,,0,,,0,0,0.375,,,,,,,,,,,
IQ2493741701,,20140303,Apple Inc.,Technology Hardware,Type_A,Public,IQ24937,,North America,United States,,AAPL,NasdaqGS,59,60,45,71,1.090909,2.181818,2.181818,0.545454,0,0,0.272727,0.136363,0,0,0,8.727273,,,,,,,,,0.40909,,0.272727,0.545454,,,,1,3,1.4,0,,,,,,,,,3,,,,,,2,1.5,,,,,,,,,,,1,1,0,0,3.2,,,,,,,,,,,,0,0,0.249999,0.249999,0.299999,0,0.599999,0.499999,0.999999,0.249999,0.249999,0.249999,4.207499,,0.562499,0,1.499999,,0,0.25,0.125,0,0,0,2.8,0,,,0.125,,,0,,,0.5,1,2,0.5,0.5,0.2,,0.75,1,0,,,1.5,,,,,,,,,,,,,0,1,3,,,,,,,,,,,,0,,,0,0,0.375,,,,,,,,,,,
IQ2493741735,,20140406,Apple Inc.,Technology Hardware,Type_A,Public,IQ24937,,North America,United States,,AAPL,NasdaqGS,59,60,45,71,1.090909,2.181818,2.181818,0.545454,0,0,0.272727,0.136363,0,0,0,8.727273,,,,,,,,,0.40909,,0.272727,0.545454,,,,1,3,1.4,0,,,,,,,,,3,,,,,,2,1.5,,,,,,,,,,,1,1,0,0,3.2,,,,,,,,,,,,0,0,0.249999,0.249999,0.299999,0,0.599999,0.499999,0.999999,0.249999,0.249999,0.249999,4.207499,,0.562499,0,1.499999,,0,0.25,0.125,0,0,0,2.8,0,,,0.125,,,0,,,0.5,1,2,0.5,0.5,0.2,,0.75,1,0,,,1.5,,,,,,,,,,,,,0,1,3,,,,,,,,,,,,0,,,0,0,0.375,,,,,,,,,,,
IQ2493741763,,20140504,Apple Inc.,Technology Hardware,Type_A,Public,IQ24937,,North America,United States,,AAPL,NasdaqGS,60,60,47,71,1.090909,2.181818,2.181818,0.545454,0,0,0.272727,0.136363,0,0,0,8.727273,,,,,,,,,0.40909,,0.272727,0.545454,,,,1,3,1.4,0,,,,,,,,,3,,,,,,2,1.5,,,,,,,,,,,1,1,0,0,3.2,,,,,,,,,,,,0,0,0.249999,0.249999,0.299999,0,0.599999,0.499999,0.999999,0.249999,0.249999,0.249999,4.207499,,0.562499,0,1.499999,,0,0.25,0.125,0,0,0,3.465,0,,,0.125,,,0,,,0.5,1,2,0.5,0.5,0.2,,0.75,1,0,,,1.5,,,,,,,,,,,,,0,1,3,,,,,,,,,,,,0,,,0,0,0.375,,,,,,,,,,,
IQ2493741791,,20140601,Apple Inc.,Technology Hardware,Type_A,Public,IQ24937,,North America,United States,,AAPL,NasdaqGS,61,62,45,74,1.090909,2.181818,2.181818,0.545454,0,0,1.090909,0.136363,0,0,0.545454,8.727273,,,,,,,,,0.40909,,0.272727,0.545454,,,,1,3,1.4,0,,,,,,,,,3,,,,,,2,1.5,,,,,,,,,,,1,1,0,0.5,3.2,,,,,,,,,,,,0,0,0.249999,0.249999,0.299999,0,0.599999,0.499999,0.999999,0.249999,0.249999,0.249999,4.207499,,0.562499,0,1.499999,,0,0.25,0.125,0,0,0,3.465,0,,,0.125,,,0,,,0.5,1,2,0.5,0.5,0.2,,0.75,1,0,,,1.5,,,,,,,,,,,,,0,1,3,,,,,,,,,,,,0,,,0,0,0,,,,,,,,,,,
IQ2493741826,,20140706,Apple Inc.,Technology Hardware,Type_A,Public,IQ24937,,North America,United States,,AAPL,NasdaqGS,61,62,45,74,1.090909,2.181818,2.181818,0.545454,0,0,1.090909,0.136363,0,0,0.545454,8.727273,,,,,,,,,0.40909,,0.272727,0.545454,,,,1,3,1.4,0,,,,,,,,,3,,,,,,2,1.5,,,,,,,,,,,1,1,0,0.5,3.2,,,,,,,,,,,,0,0,0.249999,0.249999,0.299999,0,0.599999,0.499999,0.999999,0.249999,0.249999,0.249999,4.207499,,0.562499,0,1.499999,,0,0.25,0.125,0,0,0,3.465,0,,,0.125,,,0,,,0.5,1,2,0.5,0.5,0.2,,0.75,1,0,,,1.5,,,,,,,,,,,,,0,1,3,,,,,,,,,,,,0,,,0,0,0,,,,,,,,,,,
IQ2493741854,,20140803,Apple Inc.,Technology Hardware,Type_A,Public,IQ24937,,North America,United States,,AAPL,NasdaqGS,61,62,45,74,1.090909,2.181818,2.181818,0.545454,0,0,1.090909,0.136363,0,0,0.545454,8.727273,,,,,,,,,0.40909,,0.272727,0.545454,,,,1,3,1.4,0,,,,,,,,,3,,,,,,2,1.5,,,,,,,,,,,1,1,0,0.5,3.2,,,,,,,,,,,,0,0,0.249999,0.249999,0.299999,0,0.599999,0.499999,0.999999,0.249999,0.249999,0.249999,4.207499,,0.562499,0,1.499999,,0,0.25,0.125,0,0,0,3.465,0,,,0.125,,,0,,,0.5,1,2,0.5,0.5,0.2,,0.75,1,0,,,1.5,,,,,,,,,,,,,0,1,3,,,,,,,,,,,,0,,,0,0,0,,,,,,,,,,,
IQ2493741889,,20140907,Apple Inc.,Technology Hardware,Type_A,Public,IQ24937,,North America,United States,,AAPL,NasdaqGS,61,62,45,74,1.090909,2.181818,2.181818,0.545454,0,0,1.090909,0.136363,0,0,0.545454,8.727273,,,,,,,,,0.40909,,0.272727,0.545454,,,,1,3,1.4,0,,,,,,,,,3,,,,,,2,1.5,,,,,,,,,,,1,1,0,0.5,3.2,,,,,,,,,,,,0,0,0.249999,0.249999,0.299999,0,0.599999,0.499999,0.999999,0.249999,0.249999,0.249999,4.207499,,0.562499,0,1.499999,,0,0.25,0.125,0,0,0,3.465,0,,,0.125,,,0,,,0.5,1,2,0.5,0.5,0.2,,0.75,1,0,,,1.5,,,,,,,,,,,,,0,1,3,,,,,,,,,,,,0,,,0,0,0,,,,,,,,,,,
IQ2493741925,,20141013,Apple Inc.,Technology Hardware,Type_A,Public,IQ24937,,North America,United States,,AAPL,NasdaqGS,60,62,45,74,1,2,2,0.5,0,0,1,0.125,0,0,0.5,8,,,,,,,,,0.375,,0.25,0.5,,,,1,3,1.4,0,,,,,,,,,3,,,,,,2,1.5,,,,,,,,,,,1,1,0,0.5,3.2,,,,,,,,,,,,0,0,0.249999,0.249999,0.299999,0,0.599999,0.499999,0.999999,0.249999,0.249999,0.249999,4.207499,,0.562499,0,1.499999,,0,0.25,0.125,0,0,0,3.465,0,,,0.125,,,0,,,0.5,1,2,0.5,0.5,0.2,,0.75,1,0,,,1.5,,,,,,,,,,,,,0,1,3,,,,,,,,,,,,0,,,0,0,0,,,,,,,,,,,
IQ2493741953,,20141110,Apple Inc.,Technology Hardware,Type_A,Public,IQ24937,,North America,United States,,AAPL,NasdaqGS,61,62,45,74,1.090909,2.181818,2.181818,0.545454,0,0,1.090909,0.136363,0,0,0.545454,8.727273,,,,,,,,,0.40909,,0.272727,0.545454,,,,1,3,1.4,0,,,,,,,,,3,,,,,,2,1.5,,,,,,,,,,,1,1,0,0.5,3.2,,,,,,,,,,,,0,0,0.249999,0.249999,0.299999,0,0.599999,0.499999,0.999999,0.249999,0.249999,0.249999,4.207499,,0.562499,0,1.499999,,0,0.25,0.125,0,0,0,3.465,0,,,0.125,,,0,,,0.5,1,2,0.5,0.5,0.2,,0.75,1,0,,,1.5,,,,,,,,,,,,,0,1,3,,,,,,,,,,,,0,,,0,0,0,,,,,,,,,,,
IQ2493741980,,20141207,Apple Inc.,Technology Hardware,Type_A,Public,IQ24937,,North America,United States,,AAPL,NasdaqGS,61,62,45,74,1.090909,2.181818,2.181818,0.545454,0,0,1.090909,0.136363,0,0,0.545454,8.727273,,,,,,,,,0.40909,,0.272727,0.545454,,,,1,3,1.4,0,,,,,,,,,3,,,,,,2,1.5,,,,,,,,,,,1,1,0,0.5,3.2,,,,,,,,,,,,0,0,0.249999,0.249999,0.299999,0,0.599999,0.499999,0.999999,0.249999,0.249999,0.249999,4.207499,,0.562499,0,1.499999,,0,0.25,0.125,0,0,0,3.465,0,,,0.125,,,0,,,0.5,1,2,0.5,0.5,0.2,,0.75,1,0,,,1.5,,,,,,,,,,,,,0,1,3,,,,,,,,,,,,0,,,0,0,0,,,,,,,,,,,
IQ2493742015,,20150111,Apple Inc.,Technology Hardware,Type_A,Public,IQ24937,,North America,United States,,AAPL,NasdaqGS,61,62,45,74,1.090909,2.181818,2.181818,0.545454,0,0,1.090909,0.136363,0,0,0.545454,8.727273,,,,,,,,,0.40909,,0.272727,0.545454,,,,1,3,1.4,0,,,,,,,,,3,,,,,,2,1.5,,,,,,,,,,,1,1,0,0.5,3.2,,,,,,,,,,,,0,0,0.249999,0.249999,0.299999,0,0.599999,0.499999,0.999999,0.249999,0.249999,0.249999,4.207499,,0.562499,0,1.499999,,0,0.25,0.125,0,0,0,3.465,0,,,0.125,,,0,,,0.5,1,2,0.5,0.5,0.2,,0.75,1,0,,,1.5,,,,,,,,,,,,,0,1,3,,,,,,,,,,,,0,,,0,0,0,,,,,,,,,,,
IQ2493742046,,20150211,Apple Inc.,Technology Hardware,Type_A,Public,IQ24937,,North America,United States,,AAPL,NasdaqGS,61,62,45,74,1.090909,2.181818,2.181818,0.545454,0,0,1.090909,0.136363,0,0,0.545454,8.727273,,,,,,,,,0.40909,,0.272727,0.545454,,,,1,3,1.4,0,,,,,,,,,3,,,,,,2,1.5,,,,,,,,,,,1,1,0,0.5,3.2,,,,,,,,,,,,0,0,0.249999,0.249999,0.299999,0,0.599999,0.499999,0.999999,0.249999,0.249999,0.249999,4.207499,,0.562499,0,1.499999,,0,0.25,0.125,0,0,0,3.465,0,,,0.125,,,0,,,0.5,1,2,0.5,0.5,0.2,,0.75,1,0,,,1.5,,,,,,,,,,,,,0,1,3,,,,,,,,,,,,0,,,0,0,0,,,,,,,,,,,
IQ2493742071,,20150308,Apple Inc.,Technology Hardware,Type_A,Public,IQ24937,,North America,United States,,AAPL,NasdaqGS,63,62,45,80,1.090909,2.181818,2.181818,0.545454,0.545454,0.545454,1.090909,0.136363,1.090909,0,0.545454,8.727273,,,,,,,,,0.40909,,0.272727,0.545454,,,,1,3,1.4,0,,,,,,,,,3,,,,,,2,1.5,,,,,,,,,,,1,1,0,0.5,3.2,,,,,,,,,,,,0,0,0.249999,0.249999,0.299999,0,0.599999,0.499999,0.999999,0.249999,0.249999,0.249999,4.207499,,0.562499,0,1.499999,,0,0.25,0.125,0,0,0,3.465,0,,,0.125,,,0,,,0.5,1,2,0.5,0.5,0.2,,0.75,1,0,,,1.5,,,,,,,,,,,,,0,1,3,,,,,,,,,,,,0,,,0,0,0,,,,,,,,,,,
IQ2493742099,,20150405,Apple Inc.,Technology Hardware,Type_A,Public,IQ24937,,North America,United States,,AAPL,NasdaqGS,63,62,45,80,1.090909,2.181818,2.181818,0.545454,0.545454,0.545454,1.090909,0.136363,1.090909,0,0.545454,8.727273,,,,,,,,,0.40909,,0.272727,0.545454,,,,1,3,1.4,0,,,,,,,,,3,,,,,,2,1.5,,,,,,,,,,,1,1,0,0.5,3.2,,,,,,,,,,,,0,0,0.249999,0.249999,0.299999,0,0.599999,0.499999,0.999999,0.249999,0.249999,0.249999,4.207499,,0.562499,0,1.499999,,0,0.25,0.125,0,0,0,3.465,0,,,0.125,,,0,,,0.5,1,2,0.5,0.5,0.2,,0.75,1,0,,,1.5,,,,,,,,,,,,,0,1,3,,,,,,,,,,,,0,,,0,0,0,,,,,,,,,,,
IQ2493742127,,20150503,Apple Inc.,Technology Hardware,Type_A,Public,IQ24937,,North America,United States,,AAPL,NasdaqGS,63,62,45,80,1.090909,2.181818,2.181818,0.545454,0.545454,0.545454,1.090909,0.136363,1.090909,0,0.545454,8.727273,,,,,,,,,0.40909,,0.272727,0.545454,,,,1,3,1.4,0,,,,,,,,,3,,,,,,2,1.5,,,,,,,,,,,1,1,0,0.5,3.2,,,,,,,,,,,,0,0,0.249999,0.249999,0.299999,0,0.599999,0.499999,0.999999,0.249999,0.249999,0.249999,4.207499,,0.562499,0,1.499999,,0,0.25,0.125,0,0,0,3.465,0,,,0.125,,,0,,,0.5,1,2,0.5,0.5,0.2,,0.75,1,0,,,1.5,,,,,,,,,,,,,0,1,3,,,,,,,,,,,,0,,,0,0,0,,,,,,,,,,,
IQ2493742162,,20150607,Apple Inc.,Technology Hardware,Type_A,Public,IQ24937,,North America,United States,,AAPL,NasdaqGS,63,62,45,80,1.090909,2.181818,2.181818,0.545454,0.545454,0.545454,1.090909,0.136363,1.090909,0,0.545454,8.727273,,,,,,,,,0.40909,,0.272727,0.545454,,,,1,3,1.4,0,,,,,,,,,3,,,,,,2,1.5,,,,,,,,,,,1,1,0,0.5,3.2,,,,,,,,,,,,0,0,0.249999,0.249999,0.299999,0,0.599999,0.499999,0.999999,0.249999,0.249999,0.249999,4.207499,,0.562499,0,1.499999,,0,0.25,0.125,0,0,0,3.465,0,,,0.125,,,0,,,0.5,1,2,0.5,0.5,0.2,,0.75,1,0,,,1.5,,,,,,,,,,,,,0,1,3,,,,,,,,,,,,0,,,0,0,0,,,,,,,,,,,
IQ2493742192,,20150707,Apple Inc.,Technology Hardware,Type_A,Public,IQ24937,,North America,United States,,AAPL,NasdaqGS,63,62,45,80,1.090909,2.181818,2.181818,0.545454,0.545454,0.545454,1.090909,0.136363,1.090909,0,0.545454,8.727273,,,,,,,,,0.40909,,0.272727,0.545454,,,,1,3,1.4,0,,,,,,,,,3,,,,,,2,1.5,,,,,,,,,,,1,1,0,0.5,3.2,,,,,,,,,,,,0,0,0.249999,0.249999,0.299999,0,0.599999,0.499999,0.999999,0.249999,0.249999,0.249999,4.207499,,0.562499,0,1.499999,,0,0.25,0.125,0,0,0,3.465,0,,,0.125,,,0,,,0.5,1,2,0.5,0.5,0.2,,0.75,1,0,,,1.5,,,,,,,,,,,,,0,1,3,,,,,,,,,,,,0,,,0,0,0,,,,,,,,,,,
IQ2493742228,,20150812,Apple Inc.,Technology Hardware,Type_A,Public,IQ24937,,North America,United States,,AAPL,NasdaqGS,64,67,47,77,1.090909,2.181818,2.181818,0.545454,0.545454,0.545454,0.272727,0.272727,1.090909,0,0.545454,8.727273,,,,,,,,,0,,0.545454,0.545454,,,,1,3,1.4,0,,,,,,,,,3,,,,,,2,1.5,,,,,,,,,,,1,1,0,0.5,3.2,,,,,,,,,,,,0.249999,0.499999,0.249999,0.249999,0.499999,0,0.799999,0.499999,0.999999,0.249999,0.249999,0.249999,4.207499,,0.562499,0,1.499999,,0,0.25,0.125,0,0,0,3.465,0,,,0.125,,,0,,,0.5,1,2,0.5,0.5,0.75,,0.75,1,0,,,1.5,,,,,,,,,,,,,0,1,3,,,,,,,,,,,,0,,,0,0,0,,,,,,,,,,,
IQ2493742254,,20150907,Apple Inc.,Technology Hardware,Type_A,Public,IQ24937,,North America,United States,,AAPL,NasdaqGS,64,67,45,77,1.090909,2.181818,2.181818,0.545454,0.545454,0.545454,0.272727,0.272727,1.090909,0,0.545454,8.727273,,,,,,,,,0,,0.545454,0.545454,,,,1,3,1.4,0,,,,,,,,,3,,,,,,2,1.5,,,,,,,,,,,1,1,0,0.5,3.2,,,,,,,,,,,,0.249999,0.499999,0.249999,0.249999,0.499999,0,0.799999,0.499999,0.999999,0.249999,0.249999,0.249999,4.207499,,0.562499,0,1.499999,,0,0.25,0.125,0,0,0,2.8,0,,,0.125,,,0,,,0.5,1,2,0.5,0.5,0.75,,0.75,1,0,,,1.5,,,,,,,,,,,,,0,1,3,,,,,,,,,,,,0,,,0,0,0,,,,,,,,,,,
IQ2493742281,,20151004,Apple Inc.,Technology Hardware,Type_A,Public,IQ24937,,North America,United States,,AAPL,NasdaqGS,63,67,45,77,1.09,2.18,2.18,0.54,0.54,0.54,0.27,0.27,1.09,0,0.54,8.72,,,,,,,,,0,,0.54,0.54,,,,1,3,1.4,0,,,,,,,,,3,,,,,,2,1.5,,,,,,,,,,,1,1,0,0.5,3.2,,,,,,,,,,,,0.25,0.5,0.25,0.25,0.5,0,0.79,0.5,1,0.25,0.25,0.25,4.2,,0.56,0,1.5,,0,0.25,0.12,0,0,0,2.8,0,,,0.12,,,0,,,0.5,1,2,0.5,0.5,0.75,,0.75,1,0,,,1.5,,,,,,,,,,,,,0,1,3,,,,,,,,,,,,0,,,0,0,0,,,,,,,,,,,
IQ2493742314,,20151106,Apple Inc.,Technology Hardware,Type_A,Public,IQ24937,,North America,United States,,AAPL,NasdaqGS,62,62,45,77,1.09,2.18,2.18,0.54,0.54,0.54,0.27,0.27,1.09,0,0.54,8.72,,,,,,,,,0,,0.54,0.54,,,,1,3,1.4,0,,,,,,,,,3,,,,,,2,1.5,,,,,,,,,,,1,1,0,0.5,2,,,,,,,,,,,,0.25,0.5,0.25,0.25,0.5,0,0.79,0.5,1,0.25,0.25,0.25,4.2,,0.56,0,1.5,,0,0.25,0.12,0,0,0,2.8,0,,,0.12,,,0,,,0.5,1,2,0.5,0.5,0.75,,0.75,1,0,,,1.5,,,,,,,,,,,,,0,1,3,,,,,,,,,,,,0,,,0,0,0,,,,,,,,,,,
IQ2493742344,,20151206,Apple Inc.,Technology Hardware,Type_A,Public,IQ24937,,North America,United States,,AAPL,NasdaqGS,62,62,45,77,1.09,2.18,2.18,0.54,0.54,0.54,0.27,0.27,1.09,0,0.54,8.72,,,,,,,,,0,,0.54,0.54,,,,1,3,1.4,0,,,,,,,,,3,,,,,,2,1.5,,,,,,,,,,,1,1,0,0.5,2,,,,,,,,,,,,0.25,0.5,0.25,0.25,0.5,0,0.79,0.5,1,0.25,0.25,0.25,4.2,,0.56,0,1.5,,0,0.25,0.12,0,0,0,2.8,0,,,0.12,,,0,,,0.5,1,2,0.5,0.5,0.75,,0.75,1,0,,,1.5,,,,,,,,,,,,,0,1,3,,,,,,,,,,,,0,,,0,0,0,,,,,,,,,,,
IQ2493742372,,20160103,Apple Inc.,Technology Hardware,Type_A,Public,IQ24937,,North America,United States,,AAPL,NasdaqGS,62.36,62.28,45.14,77.47,1.09,2.18,2.18,0.54,0.54,0.54,0.27,0.27,1.09,0,0.54,8.72,,,,,,,,,0,,0.54,0.54,,,,1,3,1.4,0,,,,,,,,,3,,,,,,2,1.5,,,,,,,,,,,1,1,0,0.5,2,,,,,,,,,,,,0.25,0.5,0.25,0.25,0.5,0,0.79,0.5,1,0.25,0.25,0.25,4.2,,0.56,0,1.5,,0,0.25,0.12,0,0,0,2.8,0,,,0.12,,,0,,,0.5,1,2,0.5,0.5,0.75,,0.75,1,0,,,1.5,,,,,,,,,,,,,0,1,3,,,,,,,,,,,,0,,,0,0,0,,,,,,,,,,,
IQ2493742407,,20160207,Apple Inc.,Technology Hardware,Type_A,Public,IQ24937,,North America,United States,,AAPL,NasdaqGS,62.36,62.28,45.14,77.47,1.09,2.18,2.18,0.54,0.54,0.54,0.27,0.27,1.09,0,0.54,8.72,,,,,,,,,0,,0.54,0.54,,,,1,3,1.4,0,,,,,,,,,3,,,,,,2,1.5,,,,,,,,,,,1,1,0,0.5,2,,,,,,,,,,,,0.25,0.5,0.25,0.25,0.5,0,0.79,0.5,1,0.25,0.25,0.25,4.2,,0.56,0,1.5,,0,0.25,0.12,0,0,0,2.8,0,,,0.12,,,0,,,0.5,1,2,0.5,0.5,0.75,,0.75,1,0,,,1.5,,,,,,,,,,,,,0,1,3,,,,,,,,,,,,0,,,0,0,0,,,,,,,,,,,
IQ2493742430,,20160301,Apple Inc.,Technology Hardware,Type_A,Public,IQ24937,,North America,United States,,AAPL,NasdaqGS,62.36,62.28,45.14,77.47,1.09,2.18,2.18,0.54,0.54,0.54,0.27,0.27,1.09,0,0.54,8.72,,,,,,,,,0,,0.54,0.54,,,,1,3,1.4,0,,,,,,,,,3,,,,,,2,1.5,,,,,,,,,,,1,1,0,0.5,2,,,,,,,,,,,,0.25,0.5,0.25,0.25,0.5,0,0.79,0.5,1,0.25,0.25,0.25,4.2,,0.56,0,1.5,,0,0.25,0.12,0,0,0,2.8,0,,,0.12,,,0,,,0.5,1,2,0.5,0.5,0.75,,0.75,1,0,,,1.5,,,,,,,,,,,,,0,1,3,,,,,,,,,,,,0,,,0,0,0,,,,,,,,,,,
IQ2493742482,,20160422,Apple Inc.,Technology Hardware,Type_A,Public,IQ24937,,United States and Canada,United States,,AAPL,NasdaqGS,62.33,62.28,44.34,78.09,1.09,2.2,2.2,0.6,0.6,0.6,,0.275,1.1,0,0.6,8.7,,,,,,,,,0,,0.545,0.5,0.5,,,1,3,1.4,0,,,,,,,,,3,,,,,,2,1.5,,,,,,,,,,,1,1,0,0.5,2,,,,,,,,,,,,0.3,0.5,0.25,0.25,0.5,0,0.8,0.5,1,0.25,0.25,0.25,4.2075,,0.563,0,1.5,,0,0.3,0.2,0,0,,2.8,0,,,,,,0,,0.16,0.6,,2,0.65,0.7,0.9,1.2375,,,0,,1.575,1.495,,,,,,,,,,,,,0,0.01,3,,,,,,,,,,,,0,,,,,,,,,,,,,,,,
IQ2493742679,,20160511,Apple Inc.,Technology Hardware,Type_A,Public,IQ24937,,United States and Canada,United States,,AAPL,NasdaqGS,62.33,62.28,44.34,78.09,1.09,2.2,2.2,0.6,0.6,0.6,,0.275,1.1,0,0.6,8.7,,,,,,,,,0,,0.545,0.5,0.5,,,1,3,1.4,0,,,,,,,,,3,,,,,,2,1.5,,,,,,,,,,,1,1,0,0.5,2,,,,,,,,,,,,0.3,0.5,0.25,0.25,0.5,0,0.8,0.5,1,0.25,0.25,0.25,4.2075,,0.563,0,1.5,,0,0.3,0.2,0,0,,2.8,0,,,,,,0,,0.16,0.6,,2,0.65,0.7,0.9,1.2375,,,0,,1.575,1.495,,,,,,,,,,,,,0,0.01,3,,,,,,,,,,,,0,,,,,,,,,,,,,,,,
IQ2493742528,,20160607,Apple Inc.,Technology Hardware,Type_A,Public,IQ24937,,United States and Canada,United States,US0378331005,AAPL,NasdaqGS,62.33,62.28,44.34,78.09,1.09,2.18,2.18,0.55,0.55,0.55,,0.275,1.09,0,0.55,8.73,,,,,,,,,0,,0.545,0.545,0.545,,,1,3,1.4,0,,,,,,,,,2.97,,,,,,2,1.5,,,,,,,,,,,1,1,0,0.5,2,,,,,,,,,,,,0.25,0.5,0.25,0.25,0.5,0,0.8,0.5,1,0.25,0.25,0.25,4.2075,,0.5625,0,1.5,,0,0.325,0.1625,0,0,,2.8,0,,,,,,0,,0.1625,0.58,,2,0.65,0.65,0.8625,1.2375,,,0,,1.575,1.495,,,,,,,,,,,,,0,0.01,3,,,,,,,,,,,,0,,,,,,,,,,,,,,,,
IQ2493742555,,20160704,Apple Inc.,Technology Hardware,Type_A,Public,IQ24937,,United States and Canada,United States,US0378331005,AAPL,NasdaqGS,62.33,62.28,44.34,78.09,1.09,2.18,2.18,0.55,0.55,0.55,,0.275,1.09,0,0.55,8.73,,,,,,,,,0,,0.545,0.545,0.545,,,1,3,1.4,0,,,,,,,,,2.97,,,,,,2,1.5,,,,,,,,,,,1,1,0,0.5,2,,,,,,,,,,,,0.25,0.5,0.25,0.25,0.5,0,0.8,0.5,1,0.25,0.25,0.25,4.2075,,0.5625,0,1.5,,0,0.325,0.1625,0,0,,2.8,0,,,,,,0,,0.1625,0.58,,2,0.65,0.65,0.8625,1.2375,,,0,,1.575,1.495,,,,,,,,,,,,,0,0.01,3,,,,,,,,,,,,0,,,,,,,,,,,,,,,,
IQ2493742590,,20160808,Apple Inc.,Technology Hardware,Type_A,Public,IQ24937,,United States and Canada,United States,US0378331005,AAPL,NasdaqGS,62.33,62.28,44.34,78.09,1.09,2.18,2.18,0.55,0.55,0.55,,0.275,1.09,0,0.55,8.73,,,,,,,,,0,,0.545,0.545,0.545,,,1,3,1.4,0,,,,,,,,,2.97,,,,,,2,1.5,,,,,,,,,,,1,1,0,0.5,2,,,,,,,,,,,,0.25,0.5,0.25,0.25,0.5,0,0.8,0.5,1,0.25,0.25,0.25,4.2075,,0.5625,0,1.5,,0,0.325,0.1625,0,0,,2.8,0,,,,,,0,,0.1625,0.58,,2,0.65,0.65,0.8625,1.2375,,,0,,1.575,1.495,,,,,,,,,,,,,0,0.01,3,,,,,,,,,,,,0,,,,,,,,,,,,,,,,
IQ2493742640,,20160927,Apple Inc.,Technology Hardware,Type_A,Public,IQ24937,,United States and Canada,United States,US0378331005,AAPL,NasdaqGS,62.33,62.28,44.34,78.09,1.09,2.18,2.18,0.55,0.55,0.55,,0.275,1.09,0,0.55,8.73,,,,,,,,,0,,0.545,0.545,0.545,,,1,3,1.4,0,,,,,,,,,2.97,,,,,,2,1.5,,,,,,,,,,,1,1,0,0.5,2,,,,,,,,,,,,0.25,0.5,0.25,0.25,0.5,0,0.8,0.5,1,0.25,0.25,0.25,4.2075,,0.5625,0,1.5,,0,0.325,0.1625,0,0,,2.8,0,,,,,,0,,0.1625,0.58,,2,0.65,0.65,0.8625,1.2375,,,0,,1.575,1.495,,,,,,,,,,,,,0,0.01,3,,,,,,,,,,,,0,,,,,,,,,,,,,,,,
IQ2493742647,,20161004,Apple Inc.,Technology Hardware,Type_A,Public,IQ24937,,United States and Canada,United States,US0378331005,AAPL,NasdaqGS,62.33,62.28,44.34,78.09,1.09,2.18,2.18,0.55,0.55,0.55,,0.275,1.09,0,0.55,8.73,,,,,,,,,0,,0.545,0.545,0.545,,,1,3,1.4,0,,,,,,,,,2.97,,,,,,2,1.5,,,,,,,,,,,1,1,0,0.5,2,,,,,,,,,,,,0.25,0.5,0.25,0.25,0.5,0,0.8,0.5,1,0.25,0.25,0.25,4.2075,,0.5625,0,1.5,,0,0.325,0.1625,0,0,,2.8,0,,,,,,0,,0.1625,0.58,,2,0.65,0.65,0.8625,1.2375,,,0,,1.575,1.495,,,,,,,,,,,,,0,0.01,3,,,,,,,,,,,,0,,,,,,,,,,,,,,,,
IQ2493742690,,20161116,Apple Inc.,Technology Hardware,Type_A,Public,IQ24937,,United States and Canada,United States,US0378331005,AAPL,NasdaqGS,67.36,59.48,54.02,83.95,1.09,2.18,2.18,0.55,0.55,0.55,,0.275,1.09,0,0.55,8.73,,,,,,,,,0.82,,0.545,0,0.545,,,1,2.97,2,0,,,,,,,,,2.97,,,,,,2,3,,,,,,,,,,,1,1,0,0.5,0.8,,,,,,,,,,,,0.25,0.5,0.25,0.25,1,0,0.8,0.5,1,0.25,0.25,0.25,4.2075,,0.5625,0,1.5,,0,0.325,0.325,0,0,,2.8,0,,,,,,0,,0.1625,0.58,,2,0.65,0.65,1.15,1.2375,,,0,,2.3625,1.495,,,,,,,,,,,,,0,0.01,3,,,,,,,,,,,,2.15,,,,,,,,,,,,,,,,
IQ2493742712,,20161208,Apple Inc.,Technology Hardware,Type_A,Public,IQ24937,,United States and Canada,United States,US0378331005,AAPL,NasdaqGS,67.36,59.48,54.02,83.95,1.09,2.18,2.18,0.55,0.55,0.55,,0.275,1.09,0,0.55,8.73,,,,,,,,,0.82,,0.545,0,0.545,,,1,2.97,2,0,,,,,,,,,2.97,,,,,,2,3,,,,,,,,,,,1,1,0,0.5,0.8,,,,,,,,,,,,0.25,0.5,0.25,0.25,1,0,0.8,0.5,1,0.25,0.25,0.25,4.2075,,0.5625,0,1.5,,0,0.325,0.325,0,0,,2.8,0,,,,,,0,,0.1625,0.58,,2,0.65,0.65,1.15,1.2375,,,0,,2.3625,1.495,,,,,,,,,,,,,0,0.01,3,,,,,,,,,,,,2.15,,,,,,,,,,,,,,,,
IQ2493742746,,20170111,Apple Inc.,Technology Hardware,Type_A,Public,IQ24937,,United States and Canada,United States,US0378331005,AAPL,NasdaqGS,67.28,59.48,54.02,83.73,1.09,2.18,2.18,0.55,0.55,0.55,,0.275,1.09,0,0.55,8.6427,,,,,,,,,0.82,,0.545,0,0.545,,,1,2.97,2,0,,,,,,,,,2.97,,,,,,2,3,,,,,,,,,,,1,1,0,0.5,0.8,,,,,,,,,,,,0.25,0.5,0.25,0.25,1,0,0.8,0.5,1,0.25,0.25,0.25,4.2075,,0.5625,0,1.5,,0,0.325,0.325,0,0,,2.8,0,,,,,,0,,0.1625,0.58,,2,0.65,0.65,1.15,1.2375,,,0,,2.3625,1.495,,,,,,,,,,,,,0,0.01,3,,,,,,,,,,,,2.15,,,,,,,,,,,,,,,,
IQ2493742768,,20170202,Apple Inc.,Technology Hardware,Type_A,Public,IQ24937,,United States and Canada,United States,US0378331005,AAPL,NasdaqGS,67.28,59.48,54.02,83.73,1.09,2.18,2.18,0.55,0.55,0.55,,0.275,1.09,0,0.55,8.6427,,,,,,,,,0.82,,0.545,0,0.545,,,1,2.97,2,0,,,,,,,,,2.97,,,,,,2,3,,,,,,,,,,,1,1,0,0.5,0.8,,,,,,,,,,,,0.25,0.5,0.25,0.25,1,0,0.8,0.5,1,0.25,0.25,0.25,4.2075,,0.5625,0,1.5,,0,0.325,0.325,0,0,,2.8,0,,,,,,0,,0.1625,0.58,,2,0.65,0.65,1.15,1.2375,,,0,,2.3625,1.495,,,,,,,,,,,,,0,0.01,3,,,,,,,,,,,,2.15,,,,,,,,,,,,,,,,
IQ2493742802,,20170308,Apple Inc.,Technology Hardware,Type_A,Public,IQ24937,,United States and Canada,United States,US0378331005,AAPL,NasdaqGS,67.28,59.48,54.02,83.73,1.09,2.18,2.18,0.55,0.55,0.55,,0.275,1.09,0,0.55,8.6427,,,,,,,,,0.82,,0.545,0,0.545,,,1,2.97,2,0,,,,,,,,,2.97,,,,,,2,3,,,,,,,,,,,1,1,0,0.5,0.8,,,,,,,,,,,,0.25,0.5,0.25,0.25,1,0,0.8,0.5,1,0.25,0.25,0.25,4.2075,,0.5625,0,1.5,,0,0.325,0.325,0,0,,2.8,0,,,,,,0,,0.1625,0.58,,2,0.65,0.65,1.15,1.2375,,,0,,2.3625,1.495,,,,,,,,,,,,,0,0.01,3,,,,,,,,,,,,2.15,,,,,,,,,,,,,,,,
IQ2493742828,,20170403,Apple Inc.,Technology Hardware,Type_A,Public,IQ24937,,United States and Canada,United States,US0378331005,AAPL,NasdaqGS,67.28,59.48,54.02,83.73,1.09,2.18,2.18,0.55,0.55,0.55,,0.275,1.09,0,0.55,8.6427,,,,,,,,,0.82,,0.545,0,0.545,,,1,2.97,2,0,,,,,,,,,2.97,,,,,,2,3,,,,,,,,,,,1,1,0,0.5,0.8,,,,,,,,,,,,0.25,0.5,0.25,0.25,1,0,0.8,0.5,1,0.25,0.25,0.25,4.2075,,0.5625,0,1.5,,0,0.325,0.325,0,0,,2.8,0,,,,,,0,,0.1625,0.58,,2,0.65,0.65,1.15,1.2375,,,0,,2.3625,1.495,,,,,,,,,,,,,0,0.01,3,,,,,,,,,,,,2.15,,,,,,,,,,,,,,,,
IQ2493742859,,20170504,Apple Inc.,Technology Hardware,Type_A,Public,IQ24937,,United States and Canada,United States,US0378331005,AAPL,NasdaqGS,67.28,59.48,54.02,83.73,1.09,2.18,2.18,0.55,0.55,0.55,,0.275,1.09,0,0.55,8.6427,,,,,,,,,0.82,,0.545,0,0.545,,,1,2.97,2,0,,,,,,,,,2.97,,,,,,2,3,,,,,,,,,,,1,1,0,0.5,0.8,,,,,,,,,,,,0.25,0.5,0.25,0.25,1,0,0.8,0.5,1,0.25,0.25,0.25,4.2075,,0.5625,0,1.5,,0,0.325,0.325,0,0,,2.8,0,,,,,,0,,0.1625,0.58,,2,0.65,0.65,1.15,1.2375,,,0,,2.3625,1.495,,,,,,,,,,,,,0,0.01,3,,,,,,,,,,,,2.15,,,,,,,,,,,,,,,,
IQ2493742893,,20170607,Apple Inc.,Technology Hardware,Type_A,Public,IQ24937,,United States and Canada,United States,US0378331005,AAPL,NasdaqGS,67.19,57.48,55.2,83.73,1.09,2.18,2.18,0.55,0.55,0.55,,0.275,1.09,0,0.55,8.6427,,,,,,,,,0.82,,0.545,0,0.545,,,1,2.97,2,0,,,,,,,,,2.97,,,,,,2,3,,,,,,,,,,,1,1,0,0,0.8,,,,,,,,,,,,0.25,0.5,0.25,0.25,1,0,0.8,0.5,1,0.25,0.25,0.25,4.2075,,0.5625,0,1.5,,0,0.325,0.325,0,0,,2.8,0,,,,,,0,,0.1625,0.58,,2,0.65,0.65,1.15,1.65,,,0,,2.3625,1.495,,,,,,,,,,,,,0,0.01,3,,,,,,,,,,,,2.15,,,,,,,,,,,,,,,,
IQ2493742922,,20170706,Apple Inc.,Technology Hardware,Type_A,Public,IQ24937,,United States and Canada,United States,US0378331005,AAPL,NasdaqGS,67.19,57.48,55.2,83.73,1.09,2.18,2.18,0.55,0.55,0.55,,0.275,1.09,0,0.55,8.6427,,,,,,,,,0.82,,0.545,0,0.545,,,1,2.97,2,0,,,,,,,,,2.97,,,,,,2,3,,,,,,,,,,,1,1,0,0,0.8,,,,,,,,,,,,0.25,0.5,0.25,0.25,1,0,0.8,0.5,1,0.25,0.25,0.25,4.2075,,0.5625,0,1.5,,0,0.325,0.325,0,0,,2.8,0,,,,,,0,,0.1625,0.58,,2,0.65,0.65,1.15,1.65,,,0,,2.3625,1.495,,,,,,,,,,,,,0,0.01,3,,,,,,,,,,,,2.15,,,,,,,,,,,,,,,,
IQ2493742948,,20170801,Apple Inc.,Technology Hardware,Type_A,Public,IQ24937,,United States and Canada,United States,US0378331005,AAPL,NasdaqGS,67.19,57.48,55.2,83.73,1.09,2.18,2.18,0.55,0.55,0.55,,0.275,1.09,0,0.55,8.6427,,,,,,,,,0.82,,0.545,0,0.545,,,1,2.97,2,0,,,,,,,,,2.97,,,,,,2,3,,,,,,,,,,,1,1,0,0,0.8,,,,,,,,,,,,0.25,0.5,0.25,0.25,1,0,0.8,0.5,1,0.25,0.25,0.25,4.2075,,0.5625,0,1.5,,0,0.325,0.325,0,0,,2.8,0,,,,,,0,,0.1625,0.58,,2,0.65,0.65,1.15,1.65,,,0,,2.3625,1.495,,,,,,,,,,,,,0,0.01,3,,,,,,,,,,,,2.15,,,,,,,,,,,,,,,,
IQ2493742986,,20170908,Apple Inc.,Technology Hardware,Type_A,Public,IQ24937,,United States and Canada,United States,US0378331005,AAPL,NasdaqGS,67.19,57.48,55.2,83.73,1.09,2.18,2.18,0.55,0.55,0.55,,0.275,1.09,0,0.55,8.6427,,,,,,,,,0.82,,0.545,0,0.545,,,1,2.97,2,0,,,,,,,,,2.97,,,,,,2,3,,,,,,,,,,,1,1,0,0,0.8,,,,,,,,,,,,0.25,0.5,0.25,0.25,1,0,0.8,0.5,1,0.25,0.25,0.25,4.2075,,0.5625,0,1.5,,0,0.325,0.325,0,0,,2.8,0,,,,,,0,,0.1625,0.58,,2,0.65,0.65,1.15,1.65,,,0,,2.3625,1.495,,,,,,,,,,,,,0,0.01,3,,,,,,,,,,,,2.15,,,,,,,,,,,,,,,,
IQ2493743010,,20171002,Apple Inc.,Technology Hardware,Type_A,Public,IQ24937,,United States and Canada,United States,US0378331005,AAPL,NasdaqGS,67.4,52.68,56.8,85.86,1.1391,2.2782,2.2782,0.5748,0.5748,0.5748,,0.2874,1.1391,0,0.5748,8.6427,,,,,,,,,0.857,,0.5696,,0.5696,,,1.045,2.97,2.0901,0,,,,,,,,,2.9698,,,,,,2.0901,3.1351,,,,,,,,,,,1,1,0,0,0.8,,,,,,,,,,,,0.25,0.5,,,1,0,,,,,,,4.2075,,0.5625,0,1.5,,0,0.325,0.325,0,0.33,,2.8,0,,,,,,0.23,,0.1625,0.58,,2,0.65,0.65,1.15,1.65,,,0,,2.3625,1.495,,,,,,,,,,,,,0,0.01,3,,,,,,,,,,,,2.15,,,,,,,,,0.125,0.175,0.15,0.2,0.15,0.6,0.35,0.6
,1.0079E+14,20171101,Apple Inc.,Technology Hardware,Type_A,Public,IQ24937,1007903183,United States and Canada,United States,US0378331005,AAPL,NasdaqGS,67.4,52.68,56.8,85.86,1.1391,2.2782,2.2782,0.5748,0.5748,0.5748,,0.2874,1.1391,0,0.5748,8.6427,,,,,,,,,0.857,,0.5696,,0.5696,,,1.045,2.97,2.0901,0,,,,,,,,,2.9698,,,,,,2.0901,3.1351,,,,,,,,,,,1,1,0,0,0.8,,,,,,,,,,,,0.25,0.5,,,1,0,,,,,,,4.2075,,0.5625,0,1.5,,0,0.325,0.325,0,0.33,,2.8,0,,,,,,0.23,,0.1625,0.58,,2,0.65,0.65,1.15,1.65,,,0,,2.3625,1.495,,,,,,,,,,,,,0,0.01,3,,,,,,,,,,,,2.15,,,,,,,,,0.125,0.175,0.15,0.2,0.15,0.6,0.35,0.6
IQ2493743075,,20171206,Apple Inc.,Technology Hardware,Type_A,Public,IQ24937,,United States and Canada,United States,US0378331005,AAPL,NasdaqGS,67.4,52.68,56.8,85.86,1.1391,2.2782,2.2782,0.5748,0.5748,0.5748,,0.2874,1.1391,0,0.5748,8.6427,,,,,,,,,0.8569,,0.5695,,0.5695,,,1.045,2.97,2.0901,0,,,,,,,,,2.9698,,,,,,2.0901,3.1351,,,,,,,,,,,1,1,0,0,0.8,,,,,,,,,,,,0.25,0.5,,,1,0,,,,,,,4.2075,,0.5625,0,1.5,,0,0.325,0.325,0,0.33,,2.8,0,,,,,,0.23,,0.1625,0.58,,2,0.65,0.65,1.15,1.65,,,0,,2.3625,1.495,,,,,,,,,,,,,0,0.01,3,,,,,,,,,,,,2.15,,,,,,,,,0.125,0.175,0.15,0.2,0.15,0.6,0.35,0.6
2493743109,1.0079E+14,20180109,Apple Inc.,Technology Hardware,Type_A,Public,IQ24937,1007903183,United States and Canada,United States,US0378331005,AAPL,NasdaqGS,68.54,52.68,56.8,88.7,1.1391,2.2782,2.2782,0.5748,0.5748,0.5748,,0.2874,1.1391,1.1391,0.5748,8.6427,,,,,,,,,0.8569,,0.5695,,0.5695,,,1.045,2.97,2.0901,0,,,,,,,,,2.9698,,,,,,2.0901,3.1351,,,,,,,,,,,1,1,0,0,0.8,,,,,,,,,,,,0.25,0.5,,,1,0,,,,,,,4.2075,,0.5625,0,1.5,,0,0.325,0.325,0,0.33,,2.8,0,,,,,,0.23,,0.1625,0.58,,2,0.65,0.65,1.15,1.65,,,0,,2.3625,1.495,,,,,,,,,,,,,0,0.01,3,,,,,,,,,,,,2.15,,,,,,,,,0.125,0.175,0.15,0.2,0.15,0.6,0.35,0.6
2493743132,1.0079E+14,20180201,Apple Inc.,Technology Hardware,Type_A,Public,IQ24937,1007903183,United States and Canada,United States,US0378331005,AAPL,NasdaqGS,68.54,52.68,56.8,88.7,1.1391,2.2782,2.2782,0.5748,0.5748,0.5748,,0.2874,1.1391,1.1391,0.5748,8.6427,,,,,,,,,0.8569,,0.5695,,0.5695,,,1.045,2.97,2.0901,0,,,,,,,,,2.9698,,,,,,2.0901,3.1351,,,,,,,,,,,1,1,0,0,0.8,,,,,,,,,,,,0.25,0.5,,,1,0,,,,,,,4.2075,,0.5625,0,1.5,,0,0.325,0.325,0,0.33,,2.8,0,,,,,,0.23,,0.1625,0.58,,2,0.65,0.65,1.15,1.65,,,0,,2.3625,1.495,,,,,,,,,,,,,0,0.01,3,,,,,,,,,,,,2.15,,,,,,,,,0.125,0.175,0.15,0.2,0.15,0.6,0.35,0.6
1.0079E+14,,20180301,Apple Inc.,Technology Hardware,Type_A,Public,IQ24937,1007903183,United States and Canada,United States,US0378331005,AAPL,NasdaqGS,68.54,52.68,56.8,88.7,1.1,2.2,2.2,0.5,0.5,0.5,,0.2,1.1,1.1,0.5,8.6,,,,,,,,,0.8,,0.5,,0.5,,,1,2.9,2,0,,,,,,,,,2.9,,,,,,2,3.1,,,,,,,,,,,1,1,0,0,0.8,,,,,,,,,,,,0.2,0.5,,,1,0,,,,,,,4.2,,0.5,0,1.5,,0,0.3,0.3,0,0.3,,2.8,0,,,,,,0.2,,0.1,0.5,,2,0.6,0.6,1.1,1.6,,,0,,2.3,1.4,,,,,,,,,,,,,0,0,3,,,,,,,,,,,,2.1,,,,,,,,,0.1,0.1,0.1,0.2,0.1,0.6,0.3,0.6
1.0079E+14,,20180402,Apple Inc,Technology Hardware,Type_A,Public,IQ24937,1007903183,United States and Canada,United States,US0378331005,AAPL,NAS,68.54,52.68,56.8,88.7,1.1,2.2,2.2,0.5,0.5,0.5,,0.2,1.1,1.1,0.5,8.6,,,,,,,,,0.8,,0.5,,0.5,,,1,2.9,2,0,,,,,,,,,2.9,,,,,,2,3.1,,,,,,,,,,,1,1,0,0,0.8,,,,,,,,,,,,0.2,0.5,,,1,0,,,,,,,4.2,,0.5,0,1.5,,0,0.3,0.3,0,0.3,,2.8,0,,,,,,0.2,,0.1,0.5,,2,0.6,0.6,1.1,1.6,,,0,,2.3,1.4,,,,,,,,,,,,,0,0,3,,,,,,,,,,,,2.1,,,,,,,,,0.1,0.1,0.1,0.2,0.1,0.6,0.3,0.6
1.0079E+14,,20180502,Apple Inc,Technology Hardware,Type_A,Public,IQ24937,1007903183,United States and Canada,United States,US0378331005,AAPL,NAS,68.54,52.68,56.8,88.7,1.1,2.2,2.2,0.5,0.5,0.5,,0.2,1.1,1.1,0.5,8.6,,,,,,,,,0.8,,0.5,,0.5,,,1,2.9,2,0,,,,,,,,,2.9,,,,,,2,3.1,,,,,,,,,,,1,1,0,0,0.8,,,,,,,,,,,,0.2,0.5,,,1,0,,,,,,,4.2,,0.5,0,1.5,,0,0.3,0.3,0,0.3,,2.8,0,,,,,,0.2,,0.1,0.5,,2,0.6,0.6,1.1,1.6,,,0,,2.3,1.4,,,,,,,,,,,,,0,0,3,,,,,,,,,,,,2.1,,,,,,,,,0.1,0.1,0.1,0.2,0.1,0.6,0.3,0.6
1.0079E+14,,20180604,Apple Inc,Technology Hardware,Type_A,Public,IQ24937,1007903183,United States and Canada,United States,US0378331005,AAPL,NAS,68.54,52.68,56.8,88.7,1.1,2.2,2.2,0.5,0.5,0.5,,0.2,1.1,1.1,0.5,8.6,,,,,,,,,0.8,,0.5,,0.5,,,1,2.9,2,0,,,,,,,,,2.9,,,,,,2,3.1,,,,,,,,,,,1,1,0,0,0.8,,,,,,,,,,,,0.2,0.5,,,1,0,,,,,,,4.2,,0.5,0,1.5,,0,0.3,0.3,0,0.3,,2.8,0,,,,,,0.2,,0.1,0.5,,2,0.6,0.6,1.1,1.6,,,0,,2.3,1.4,,,,,,,,,,,,,0,0,3,,,,,,,,,,,,2.1,,,,,,,,,0.1,0.1,0.1,0.2,0.1,0.6,0.3,0.6
1.0079E+14,,20180703,Apple Inc,Technology Hardware,Type_A,Public,IQ24937,1007903183,United States and Canada,United States,US0378331005,AAPL,NAS,68.54,52.68,56.8,88.7,1.1,2.2,2.2,0.5,0.5,0.5,,0.2,1.1,1.1,0.5,8.6,,,,,,,,,0.8,,0.5,,0.5,,,1,2.9,2,0,,,,,,,,,2.9,,,,,,2,3.1,,,,,,,,,,,1,1,0,0,0.8,,,,,,,,,,,,0.2,0.5,,,1,0,,,,,,,4.2,,0.5,0,1.5,,0,0.3,0.3,0,0.3,,2.8,0,,,,,,0.2,,0.1,0.5,,2,0.6,0.6,1.1,1.6,,,0,,2.3,1.4,,,,,,,,,,,,,0,0,3,,,,,,,,,,,,2.1,,,,,,,,,0.1,0.1,0.1,0.2,0.1,0.6,0.3,0.6
1.0079E+14,,20180801,Apple Inc,Technology Hardware,Type_A,Public,IQ24937,1007903183,United States and Canada,United States,US0378331005,AAPL,NAS,69.33,54.68,56.8,89.42,1.1,2.2,2.2,0.5,0.5,0.5,,0.5,1.1,1.1,0.5,8.6,,,,,,,,,0.8,,0.5,,0.5,,,1,2.9,2,0,,,,,,,,,2.9,,,,,,2,3.1,,,,,,,,,,,1,1.5,0,0,0.8,,,,,,,,,,,,0.2,0.5,,,1,0,,,,,,,4.2,,0.5,0,1.5,,0,0.3,0.3,0,0.3,,2.8,0,,,,,,0.2,,0.1,0.5,,2,0.6,0.6,1.1,1.6,,,0,,2.3,1.4,,,,,,,,,,,,,0,0,3,,,,,,,,,,,,2.1,,,,,,,,,0.1,0.2,0.1,0.2,0.1,0.5,0.3,0.6
1.0079E+14,,20180903,Apple Inc,Technology Hardware,Type_A,Public,IQ24937,1007903183,United States and Canada,United States,US0378331005,AAPL,NAS,69.33,54.68,56.8,89.42,1.1,2.2,2.2,0.5,0.5,0.5,,0.5,1.1,1.1,0.5,8.6,,,,,,,,,0.8,,0.5,,0.5,,,1,2.9,2,0,,,,,,,,,2.9,,,,,,2,3.1,,,,,,,,,,,1,1.5,0,0,0.8,,,,,,,,,,,,0.2,0.5,,,1,0,,,,,,,4.2,,0.5,0,1.5,,0,0.3,0.3,0,0.3,,2.8,0,,,,,,0.2,,0.1,0.5,,2,0.6,0.6,1.1,1.6,,,0,,2.3,1.4,,,,,,,,,,,,,0,0,3,,,,,,,,,,,,2.1,,,,,,,,,0.1,0.2,0.1,0.2,0.1,0.5,0.3,0.6
1.0079E+14,,20181001,Apple Inc,Technology Hardware,Type_A,Public,IQ24937,1007903183,United States and Canada,United States,US0378331005,AAPL,NAS,69.33,54.68,56.8,89.42,1.1,2.2,2.2,0.5,0.5,0.5,,0.5,1.1,1.1,0.5,8.6,,,,,,,,,0.8,,0.5,,0.5,,,1,2.9,2,0,,,,,,,,,2.9,,,,,,2,3.1,,,,,,,,,,,1,1.5,0,0,0.8,,,,,,,,,,,,0.2,0.5,,,1,0,,,,,,,4.2,,0.5,0,1.5,,0,0.3,0.3,0,0.3,,2.8,0,,,,,,0.2,,0.1,0.5,,2,0.6,0.6,1.1,1.6,,,0,,2.3,1.4,,,,,,,,,,,,,0,0,3,,,,,,,,,,,,2.1,,,,,,,,,0.1,0.2,0.1,0.2,0.1,0.5,0.3,0.6
1.0079E+14,,20181101,Apple Inc,Technology Hardware,Type_A,Public,IQ24937,1007903183,United States and Canada,United States,US0378331005,AAPL,NAS,70.63,59.88,56.8,89.42,1.1391,2.2782,2.2782,0.5748,0.5748,0.5748,,0.5748,1.1391,1.1391,0.5748,8.6427,,,,,,,,,0.8569,,0.5695,,0.5695,,,1.045,2.97,2.0901,0,,,,,,,,,2.9698,,,,,,2.0901,3.1351,,,,,,,,,,,1,1.5,0,0,2,,,,,,,,,,,,0.25,0.5,,,1,0,,,,,,,4.2075,,0.5625,0,1.5,,0,0.325,0.325,0,0.33,,2.8,0,,,,,,0.23,,0.1625,0.58,,2,0.65,0.65,1.15,1.65,,,0,,2.3625,1.495,,,,,,,,,,,,,0,0.01,3,,,,,,,,,,,,2.15,,,,,,,,,0.175,0.25,0.125,0.2,0.15,0.6,0.35,0.6
1.0079E+14,,20181203,Apple Inc,Technology Hardware,Type_A,Public,IQ24937,1007903183,United States and Canada,United States,US0378331005,AAPL,NAS,70.63,59.88,56.8,89.42,1.1391,2.2782,2.2782,0.5748,0.5748,0.5748,,0.5748,1.1391,1.1391,0.5748,8.6427,,,,,,,,,0.8569,,0.5695,,0.5695,,,1.045,2.97,2.0901,0,,,,,,,,,2.9698,,,,,,2.0901,3.1351,,,,,,,,,,,1,1.5,0,0,2,,,,,,,,,,,,0.25,0.5,,,1,0,,,,,,,4.2075,,0.5625,0,1.5,,0,0.325,0.325,0,0.33,,2.8,0,,,,,,0.23,,0.1625,0.58,,2,0.65,0.65,1.15,1.65,,,0,,2.3625,1.495,,,,,,,,,,,,,0,0.01,3,,,,,,,,,,,,2.15,,,,,,,,,0.175,0.25,0.125,0.2,0.15,0.6,0.35,0.6
1.0079E+14,,20190103,Apple Inc,Technology Hardware,Type_A,Public,IQ24937,1007903183,United States and Canada,United States,US0378331005,AAPL,NAS,70.63,59.88,56.8,89.42,1.1391,2.2782,2.2782,0.5748,0.5748,0.5748,,0.5748,1.1391,1.1391,0.5748,8.6427,,,,,,,,,0.8569,,0.5695,,0.5695,,,1.045,2.97,2.0901,0,,,,,,,,,2.9698,,,,,,2.0901,3.1351,,,,,,,,,,,1,1.5,0,0,2,,,,,,,,,,,,0.25,0.5,,,1,0,,,,,,,4.2075,,0.5625,0,1.5,,0,0.325,0.325,0,0.33,,2.8,0,,,,,,0.23,,0.1625,0.58,,2,0.65,0.65,1.15,1.65,,,0,,2.3625,1.495,,,,,,,,,,,,,0,0.01,3,,,,,,,,,,,,2.15,,,,,,,,,0.175,0.25,0.125,0.2,0.15,0.6,0.35,0.6
1.0079E+14,,20190204,Apple Inc,Technology Hardware,Type_A,Public,IQ24937,1007903183,United States and Canada,United States,US0378331005,AAPL,NAS,70.63,59.88,56.8,89.42,1.1391,2.2782,2.2782,0.5748,0.5748,0.5748,,0.5748,1.1391,1.1391,0.5748,8.6427,,,,,,,,,0.8569,,0.5695,,0.5695,,,1.045,2.97,2.0901,0,,,,,,,,,2.9698,,,,,,2.0901,3.1351,,,,,,,,,,,1,1.5,0,0,2,,,,,,,,,,,,0.25,0.5,,,1,0,,,,,,,4.2075,,0.5625,0,1.5,,0,0.325,0.325,0,0.33,,2.8,0,,,,,,0.23,,0.1625,0.58,,2,0.65,0.65,1.15,1.65,,,0,,2.3625,1.495,,,,,,,,,,,,,0,0.01,3,,,,,,,,,,,,2.15,,,,,,,,,0.175,0.25,0.125,0.2,0.15,0.6,0.35,0.6
1.0079E+14,,20190304,Apple Inc,Technology Hardware,Type_A,Public,IQ24937,1007903183,United States and Canada,United States,US0378331005,AAPL,NAS,70.34,59.88,56.8,88.71,1.1391,2.2782,2.2782,0.5748,0.5748,0.5748,,0.5748,1.1391,0.8543,0.5748,8.6427,,,,,,,,,0.8569,,0.5695,,0.5695,,,1.045,2.97,2.0901,0,,,,,,,,,2.9698,,,,,,2.0901,3.1351,,,,,,,,,,,1,1.5,0,0,2,,,,,,,,,,,,0.25,0.5,,,1,0,,,,,,,4.2075,,0.5625,0,1.5,,0,0.325,0.325,0,0.33,,2.8,0,,,,,,0.23,,0.1625,0.58,,2,0.65,0.65,1.15,1.65,,,0,,2.3625,1.495,,,,,,,,,,,,,0,0.01,3,,,,,,,,,,,,2.15,,,,,,,,,0.175,0.25,0.125,0.2,0.15,0.6,0.35,0.6
1.0079E+14,,20190401,Apple Inc,Technology Hardware,Type_A,Public,IQ24937,1007903183,United States and Canada,United States,US0378331005,AAPL,NAS,70.34,59.88,56.8,88.71,1.1391,2.2782,2.2782,0.5748,0.5748,0.5748,,0.5748,1.1391,0.8543,0.5748,8.6427,,,,,,,,,0.8569,,0.5695,,0.5695,,,1.045,2.97,2.0901,0,,,,,,,,,2.9698,,,,,,2.0901,3.1351,,,,,,,,,,,1,1.5,0,0,2,,,,,,,,,,,,0.25,0.5,,,1,0,,,,,,,4.2075,,0.5625,0,1.5,,0,0.325,0.325,0,0.33,,2.8,0,,,,,,0.23,,0.1625,0.58,,2,0.65,0.65,1.15,1.65,,,0,,2.3625,1.495,,,,,,,,,,,,,0,0.01,3,,,,,,,,,,,,2.15,,,,,,,,,0.175,0.25,0.125,0.2,0.15,0.6,0.35,0.6
1.0079E+14,,20190503,Apple Inc,Technology Hardware,Type_A,Public,IQ24937,1007903183,United States and Canada,United States,US0378331005,AAPL,NAS,70.34,59.88,56.8,88.71,1.1391,2.2782,2.2782,0.5748,0.5748,0.5748,,0.5748,1.1391,0.8543,0.5748,8.6427,,,,,,,,,0.8569,,0.5695,,0.5695,,,1.045,2.97,2.0901,0,,,,,,,,,2.9698,,,,,,2.0901,3.1351,,,,,,,,,,,1,1.5,0,0,2,,,,,,,,,,,,0.25,0.5,,,1,0,,,,,,,4.2075,,0.5625,0,1.5,,0,0.325,0.325,0,0.33,,2.8,0,,,,,,0.23,,0.1625,0.58,,2,0.65,0.65,1.15,1.65,,,0,,2.3625,1.495,,,,,,,,,,,,,0,0.01,3,,,,,,,,,,,,2.15,,,,,,,,,0.175,0.25,0.125,0.2,0.15,0.6,0.35,0.6
1.0079E+14,,20190603,Apple Inc,Technology Hardware,A,Public,IQ24937,1007903183,United States and Canada,United States,US0378331005,AAPL,NAS,70.4,59.88,56.8,88.86,1.1391,2.2782,2.2782,0.5748,0.5748,0.5748,,0.5748,1.1391,0.8543,0.5748,8.6427,,,,,,,,,0.857,,0.5696,,0.5696,,,1.045,3,2.0901,0,,,,,,,,,2.9998,,,,,,2.0901,3.1351,,,,,,,,,,,1,1.5,0,0,2,,,,,,,,,,,,0.25,0.5,,,1,0,,,,,,,4.2075,,0.5625,0,1.5,,0,0.325,0.325,0,0.33,,2.8,0,,,,,,0.23,,0.1625,0.58,,2,0.65,0.65,1.15,1.65,,,0,,2.3625,1.495,,,,,,,,,,,,,0,0.01,3,,,,,,,,,,,,2.15,,,,,,,,,0.175,0.25,0.125,0.2,0.15,0.6,0.35,0.6
1.0079E+14,,20190701,Apple Inc,Technology Hardware,Type_A,Public,IQ24937,1007903183,United States and Canada,United States,US0378331005,AAPL,NAS,70.4,59.88,56.8,88.86,1.1391,2.2782,2.2782,0.5748,0.5748,0.5748,,0.5748,1.1391,0.8543,0.5748,8.6427,,,,,,,,,0.857,,0.5696,,0.5696,,,1.045,3,2.0901,0,,,,,,,,,2.9998,,,,,,2.0901,3.1351,,,,,,,,,,,1,1.5,0,0,2,,,,,,,,,,,,0.25,0.5,,,1,0,,,,,,,4.2075,,0.5625,0,1.5,,0,0.325,0.325,0,0.33,,2.8,0,,,,,,0.23,,0.1625,0.58,,2,0.65,0.65,1.15,1.65,,,0,,2.3625,1.495,,,,,,,,,,,,,0,0.01,3,,,,,,,,,,,,2.15,,,,,,,,,0.175,0.25,0.125,0.2,0.15,0.6,0.35,0.6
1.0079E+14,,20190801,Apple Inc,Technology Hardware,Type_A,Public,IQ24937,1007903183,United States and Canada,United States,US0378331005,AAPL,NAS,70.28,59.38,56.8,88.86,1.1391,2.2782,2.2782,0.5748,0.5748,0.5748,,0.5748,1.1391,0.8543,0.5748,8.6427,,,,,,,,,0.857,,0.5696,,0.5696,,,1.045,3,2.0901,0,,,,,,,,,2.9998,,,,,,2.0901,3.1351,,,,,,,,,,,1,1.5,0,0,2,,,,,,,,,,,,0.25,0.5,,,1,0,,,,,,,4.2075,,0.5625,0,1.5,,0,0.325,0.325,0,0.33,,2.8,0,,,,,,0.23,,0.1625,0.58,,2,0.65,0.65,1.15,1.65,,,0,,2.3625,1.495,,,,,,,,,,,,,0,0.01,3,,,,,,,,,,,,2.15,,,,,,,,,0.175,0.125,0.125,0.2,0.15,0.6,0.35,0.6
1.0079E+14,,20190902,Apple Inc,Technology Hardware,A,Public,IQ24937,1007903183,United States and Canada,United States,US0378331005,AAPL,NAS,72.27,61.38,59.98,89.81,1.1391,2.2782,0.5696,0.5748,0.5748,0.5748,,0.5748,1.1391,0.8543,0.5748,8.6427,,,,,,,,,0.857,,0.5696,,0.5696,,,1.045,3,2.0901,2.0901,,,,,,,,,2.9998,,,,,,2.0901,3.1351,,,,,,,,,,,1,1.5,0,0,2,,,,,,,,,,,,0.25,1,,,1,0,,,,,,,4.2075,,0.5625,0,1.5,,0,0.325,0.325,0,0.33,,2.8,0,,,,,,0.23,,0.4875,0.58,,2,0.65,0.65,1.15,1.65,,,0,,3.15,1.495,,,0,,,,,,,,,,0,0.01,3,,,,,,,,,,,,2.15,,,,,,,,,0.175,0.125,0.125,0.2,0.15,0.6,0.35,0.6
